"","DBN","NumTest","NumTest5th","MeanScore","MeanScore5th","L1Num","L1Num5th","L2Num","L2Num5th","L3Num","L3Num5th","L4Num","L4Num5th","L34Num","L34Num5th","L34Pct","L34Pct5th","Improv","Improv5th"
"1","01M015",158,31,641,630,44,12,50,9,57,10,7,0,64,10,40.5,32.3,0,0
"2","01M019",239,64,658,645,31,13,62,21,112,26,34,4,146,30,61.1,46.9,0,0
"3","01M020",445,100,671,670,23,7,74,19,261,53,87,21,348,74,78.2,74,0,0
"4","01M034",299,56,642,645,61,6,118,25,108,24,12,1,120,25,40.1,44.6,0,0
"5","01M063",124,32,665,656,10,4,28,9,70,15,16,4,86,19,69.4,59.4,0,0
"6","01M064",183,37,654,661,25,1,53,9,95,24,10,3,105,27,57.4,73,0,0
"7","01M110",376,66,671,683,18,2,71,9,201,37,86,18,287,55,76.3,83.3,0,0
"8","01M134",193,45,656,651,22,5,56,15,97,23,18,2,115,25,59.6,55.6,0,0
"9","01M137",214,53,649,629,40,15,73,27,79,11,22,0,101,11,47.2,20.8,0,0
"10","01M140",361,41,643,650,75,8,155,12,119,18,12,3,131,21,36.3,51.2,0,0
"11","01M142",276,61,650,639,38,11,86,32,140,17,12,1,152,18,55.1,29.5,0,0
"12","01M184",253,46,716,728,0,0,3,0,70,10,180,36,250,46,98.8,100,0,0
"13","01M188",300,32,635,629,70,9,143,14,80,9,7,0,87,9,29,28.1,0,0
"14","01M292",146,NA,630,NA,34,NA,70,NA,39,NA,3,NA,42,NA,28.8,NA,0,NA
"15","01M301",92,NA,639,NA,16,NA,43,NA,29,NA,4,NA,33,NA,35.9,NA,0,NA
"16","01M315",88,12,646,636,13,3,32,5,39,4,4,0,43,4,48.9,33.3,0,0
"17","01M332",159,NA,629,NA,37,NA,80,NA,39,NA,3,NA,42,NA,26.4,NA,0,NA
"18","01M361",144,42,660,662,17,7,28,6,80,21,19,8,99,29,68.8,69,0,0
"19","01M363",141,42,664,656,10,5,35,13,78,20,18,4,96,24,68.1,57.1,0,0
"20","01M364",121,38,660,661,9,2,29,8,69,25,14,3,83,28,68.6,73.7,0,0
"21","01M450",180,NA,640,NA,20,NA,98,NA,61,NA,1,NA,62,NA,34.4,NA,0,NA
"22","01M539",330,NA,717,NA,0,NA,0,NA,98,NA,232,NA,330,NA,100,NA,0,NA
"23","01M839",217,NA,654,NA,17,NA,68,NA,119,NA,13,NA,132,NA,60.8,NA,0,NA
"24","02M001",290,98,685,673,20,9,33,18,137,49,100,22,237,71,81.7,72.4,0,0
"25","02M002",347,102,684,683,18,11,36,7,162,36,131,48,293,84,84.4,82.4,0,0
"26","02M003",259,102,683,681,9,5,31,17,135,46,84,34,219,80,84.6,78.4,0,0
"27","02M006",426,139,698,700,15,2,18,9,188,54,205,74,393,128,92.3,92.1,0,0
"28","02M011",243,87,674,673,19,8,36,12,134,49,54,18,188,67,77.4,77,0,0
"29","02M033",126,53,678,667,5,3,19,11,71,30,31,9,102,39,81,73.6,0,0
"30","02M040",241,78,688,679,4,3,16,8,145,47,76,20,221,67,91.7,85.9,0,0
"31","02M041",310,103,695,690,5,4,13,6,169,53,123,40,292,93,94.2,90.3,0,0
"32","02M042",312,115,700,692,7,4,16,6,148,58,141,47,289,105,92.6,91.3,0,0
"33","02M051",129,37,676,669,1,1,21,6,81,25,26,5,107,30,82.9,81.1,0,0
"34","02M059",163,43,689,677,1,1,10,7,97,25,55,10,152,35,93.3,81.4,0,0
"35","02M077",173,59,712,704,10,5,1,1,37,12,125,41,162,53,93.6,89.8,0,0
"36","02M089",182,49,686,664,9,7,15,6,87,28,71,8,158,36,86.8,73.5,0,0
"37","02M104",1138,NA,667,NA,94,NA,234,NA,560,NA,250,NA,810,NA,71.2,NA,0,NA
"38","02M111",373,59,651,648,42,7,134,20,180,32,17,0,197,32,52.8,54.2,0,0
"39","02M114",344,NA,686,NA,6,NA,39,NA,185,NA,114,NA,299,NA,86.9,NA,0,NA
"40","02M116",366,128,697,686,10,6,28,16,159,63,169,43,328,106,89.6,82.8,0,0
"41","02M124",463,162,710,708,1,1,14,3,180,67,268,91,448,158,96.8,97.5,0,0
"42","02M126",459,49,666,666,25,0,113,12,252,31,69,6,321,37,69.9,75.5,0,0
"43","02M130",523,158,698,694,10,3,31,12,227,69,255,74,482,143,92.2,90.5,0,0
"44","02M131",870,NA,664,NA,70,NA,193,NA,468,NA,139,NA,607,NA,69.8,NA,0,NA
"45","02M150",73,26,700,689,0,0,3,3,33,11,37,12,70,23,95.9,88.5,0,0
"46","02M158",289,91,691,691,3,0,28,9,143,44,115,38,258,82,89.3,90.1,0,0
"47","02M167",1322,NA,666,NA,117,NA,287,NA,632,NA,286,NA,918,NA,69.4,NA,0,NA
"48","02M183",242,76,687,699,7,0,20,2,141,41,74,33,215,74,88.8,97.4,0,0
"49","02M198",210,80,663,655,20,10,50,24,112,35,28,11,140,46,66.7,57.5,0,0
"50","02M212",178,52,684,693,17,4,14,3,82,20,65,25,147,45,82.6,86.5,0,0
"51","02M217",284,55,659,671,33,6,79,12,122,23,50,14,172,37,60.6,67.3,0,0
"52","02M225",143,21,644,636,16,5,74,10,51,5,2,1,53,6,37.1,28.6,0,0
"53","02M234",303,95,699,693,0,0,12,7,148,51,143,37,291,88,96,92.6,0,0
"54","02M255",329,NA,687,NA,8,NA,17,NA,189,NA,115,NA,304,NA,92.4,NA,0,NA
"55","02M260",231,NA,674,NA,11,NA,35,NA,133,NA,52,NA,185,NA,80.1,NA,0,NA
"56","02M289",290,NA,678,NA,10,NA,28,NA,182,NA,70,NA,252,NA,86.9,NA,0,NA
"57","02M290",323,109,692,690,4,1,20,10,180,60,119,38,299,98,92.6,89.9,0,0
"58","02M312",570,NA,698,NA,3,NA,28,NA,244,NA,295,NA,539,NA,94.6,NA,0,NA
"59","02M347",56,16,618,600,28,11,12,3,15,2,1,0,16,2,28.6,12.5,0,0
"60","02M407",170,NA,641,NA,21,NA,69,NA,79,NA,1,NA,80,NA,47.1,NA,0,NA
"61","02M408",76,NA,663,NA,1,NA,26,NA,40,NA,9,NA,49,NA,64.5,NA,0,NA
"62","02M413",284,NA,657,NA,13,NA,95,NA,157,NA,19,NA,176,NA,62,NA,0,NA
"63","02M442",144,40,675,671,1,1,22,10,93,24,28,5,121,29,84,72.5,0,0
"64","02M655",107,NA,645,NA,12,NA,39,NA,54,NA,2,NA,56,NA,52.3,NA,0,NA
"65","02M896",190,NA,650,NA,20,NA,71,NA,92,NA,7,NA,99,NA,52.1,NA,0,NA
"66","03M009",187,52,694,691,4,0,14,7,88,22,81,23,169,45,90.4,86.5,0,0
"67","03M044",467,NA,630,NA,127,NA,216,NA,118,NA,6,NA,124,NA,26.6,NA,0,NA
"68","03M054",1003,NA,664,NA,173,NA,210,NA,312,NA,308,NA,620,NA,61.8,NA,0,NA
"69","03M075",463,150,677,669,29,15,66,23,240,78,128,34,368,112,79.5,74.7,0,0
"70","03M076",177,46,645,643,39,12,54,12,71,20,13,2,84,22,47.5,47.8,0,0
"71","03M084",240,84,660,646,24,15,64,28,124,37,28,4,152,41,63.3,48.8,0,0
"72","03M087",455,145,685,674,15,11,51,26,234,66,155,42,389,108,85.5,74.5,0,0
"73","03M145",305,111,654,655,48,12,87,36,137,51,33,12,170,63,55.7,56.8,0,0
"74","03M149",339,57,638,640,84,11,138,22,103,24,14,0,117,24,34.5,42.1,0,0
"75","03M163",279,95,668,664,23,8,55,23,142,48,59,16,201,64,72,67.4,0,0
"76","03M165",298,105,657,660,49,15,64,21,152,56,33,13,185,69,62.1,65.7,0,0
"77","03M166",256,75,686,671,18,7,34,17,100,32,104,19,204,51,79.7,68,0,0
"78","03M180",174,55,667,653,17,8,35,19,101,24,21,4,122,28,70.1,50.9,0,0
"79","03M191",332,51,650,649,41,6,133,21,133,22,25,2,158,24,47.6,47.1,0,0
"80","03M199",329,96,703,690,6,3,23,14,132,37,168,42,300,79,91.2,82.3,0,0
"81","03M208",279,94,643,637,63,25,92,34,113,31,11,4,124,35,44.4,37.2,0,0
"82","03M241",344,54,629,627,108,19,139,20,94,14,3,1,97,15,28.2,27.8,0,0
"83","03M242",160,49,651,642,27,12,41,15,84,21,8,1,92,22,57.5,44.9,0,0
"84","03M243",193,57,680,690,5,0,21,4,109,29,58,24,167,53,86.5,93,0,0
"85","03M245",289,NA,661,NA,10,NA,75,NA,183,NA,21,NA,204,NA,70.6,NA,0,NA
"86","03M247",167,NA,639,NA,27,NA,78,NA,61,NA,1,NA,62,NA,37.1,NA,0,NA
"87","03M250",197,NA,643,NA,19,NA,95,NA,81,NA,2,NA,83,NA,42.1,NA,0,NA
"88","03M256",174,NA,625,NA,42,NA,109,NA,22,NA,1,NA,23,NA,13.2,NA,0,NA
"89","03M258",216,NA,638,NA,29,NA,117,NA,69,NA,1,NA,70,NA,32.4,NA,0,NA
"90","03M333",331,57,671,684,9,1,75,11,182,26,65,19,247,45,74.6,78.9,0,0
"91","03M334",342,58,723,734,0,0,5,0,67,3,270,55,337,58,98.5,100,0,0
"92","03M415",202,NA,633,NA,39,NA,108,NA,54,NA,1,NA,55,NA,27.2,NA,0,NA
"93","03M860",181,NA,655,NA,15,NA,56,NA,100,NA,10,NA,110,NA,60.8,NA,0,NA
"94","03M862",327,NA,674,NA,6,NA,39,NA,227,NA,55,NA,282,NA,86.2,NA,0,NA
"95","04M007",291,70,658,649,33,9,83,20,143,37,32,4,175,41,60.1,58.6,0,0
"96","04M012",320,47,678,686,5,0,61,3,180,32,74,12,254,44,79.4,93.6,0,0
"97","04M013",333,NA,607,NA,173,NA,143,NA,17,NA,0,NA,17,NA,5.1,NA,0,NA
"98","04M037",108,22,645,645,17,3,37,11,53,8,1,0,54,8,50,36.4,0,0
"99","04M038",238,50,641,626,51,16,92,21,85,13,10,0,95,13,39.9,26,0,0
"100","04M045",585,NA,618,NA,217,NA,272,NA,95,NA,1,NA,96,NA,16.4,NA,0,NA
"101","04M050",290,72,639,630,59,23,119,30,107,19,5,0,112,19,38.6,26.4,0,0
"102","04M057",416,97,656,654,38,10,136,37,199,42,43,8,242,50,58.2,51.5,0,0
"103","04M072",385,92,666,673,46,9,68,19,204,42,67,22,271,64,70.4,69.6,0,0
"104","04M083",235,71,672,667,15,5,51,19,121,36,48,11,169,47,71.9,66.2,0,0
"105","04M096",395,70,657,663,35,2,130,23,202,37,28,8,230,45,58.2,64.3,0,0
"106","04M102",175,40,648,640,36,9,54,15,70,16,15,0,85,16,48.6,40,0,0
"107","04M108",462,117,665,653,34,13,96,33,272,65,60,6,332,71,71.9,60.7,0,0
"108","04M146",282,65,648,642,43,12,101,22,116,29,22,2,138,31,48.9,47.7,0,0
"109","04M155",284,83,650,643,57,20,85,30,125,29,17,4,142,33,50,39.8,0,0
"110","04M171",324,84,670,664,16,5,63,20,192,50,53,9,245,59,75.6,70.2,0,0
"111","04M182",295,79,685,691,1,0,26,7,181,43,87,29,268,72,90.8,91.1,0,0
"112","04M206",406,96,655,651,57,21,113,22,199,45,37,8,236,53,58.1,55.2,0,0
"113","04M224",255,NA,662,NA,15,NA,52,NA,165,NA,23,NA,188,NA,73.7,NA,0,NA
"114","04M497",95,17,632,622,23,6,42,7,29,4,1,0,30,4,31.6,23.5,0,0
"115","04M610",148,NA,654,NA,4,NA,53,NA,88,NA,3,NA,91,NA,61.5,NA,0,NA
"116","04M825",434,NA,636,NA,76,NA,213,NA,142,NA,3,NA,145,NA,33.4,NA,0,NA
"117","04M964",115,31,630,610,47,18,35,10,27,3,6,0,33,3,28.7,9.7,0,0
"118","05M030",226,71,644,636,47,17,73,23,95,30,11,1,106,31,46.9,43.7,0,0
"119","05M046",528,128,646,642,102,32,174,48,215,41,37,7,252,48,47.7,37.5,0,0
"120","05M092",236,51,644,635,62,19,66,16,87,14,21,2,108,16,45.8,31.4,0,0
"121","05M123",395,102,647,638,66,23,134,46,174,32,21,1,195,33,49.4,32.4,0,0
"122","05M125",433,120,644,631,111,51,116,31,179,32,27,6,206,38,47.6,31.7,0,0
"123","05M129",262,66,650,641,41,11,88,32,115,21,18,2,133,23,50.8,34.8,0,0
"124","05M133",228,71,641,621,62,26,70,25,89,19,7,1,96,20,42.1,28.2,0,0
"125","05M154",215,59,649,641,35,11,76,28,94,20,10,0,104,20,48.4,33.9,0,0
"126","05M161",544,141,662,659,48,13,142,44,281,70,73,14,354,84,65.1,59.6,0,0
"127","05M175",210,61,653,652,32,7,56,19,107,30,15,5,122,35,58.1,57.4,0,0
"128","05M194",201,55,654,651,23,5,74,28,82,17,22,5,104,22,51.7,40,0,0
"129","05M195",884,NA,631,NA,251,NA,411,NA,212,NA,10,NA,222,NA,25.1,NA,0,NA
"130","05M197",359,82,647,628,63,26,135,38,139,18,22,0,161,18,44.8,22,0,0
"131","05M200",416,129,636,632,103,37,166,56,132,33,15,3,147,36,35.3,27.9,0,0
"132","05M286",297,NA,627,NA,98,NA,135,NA,63,NA,1,NA,64,NA,21.5,NA,0,NA
"133","05M302",185,NA,664,NA,6,NA,41,NA,122,NA,16,NA,138,NA,74.6,NA,0,NA
"134","05M317",206,NA,647,NA,19,NA,92,NA,88,NA,7,NA,95,NA,46.1,NA,0,NA
"135","05M469",241,18,624,620,95,6,118,12,28,0,0,0,28,0,11.6,0,0,0
"136","05M499",468,NA,666,NA,42,NA,62,NA,300,NA,64,NA,364,NA,77.8,NA,0,NA
"137","05M670",176,NA,652,NA,5,NA,78,NA,88,NA,5,NA,93,NA,52.8,NA,0,NA
"138","06M004",359,136,638,625,100,49,121,57,124,29,14,1,138,30,38.4,22.1,0,0
"139","06M005",465,148,667,663,25,8,104,44,271,78,65,18,336,96,72.3,64.9,0,0
"140","06M008",324,109,646,638,64,26,106,40,138,37,16,6,154,43,47.5,39.4,0,0
"141","06M018",337,63,633,626,101,29,140,18,85,13,11,3,96,16,28.5,25.4,0,0
"142","06M028",581,165,650,637,106,45,169,61,250,52,56,7,306,59,52.7,35.8,0,0
"143","06M048",324,91,654,662,50,4,85,26,163,53,26,8,189,61,58.3,67,0,0
"144","06M052",1258,164,632,634,378,58,429,45,413,53,38,8,451,61,35.9,37.2,0,0
"145","06M098",247,NA,662,NA,31,NA,51,NA,123,NA,42,NA,165,NA,66.8,NA,0,NA
"146","06M115",637,172,652,647,86,27,200,63,305,76,46,6,351,82,55.1,47.7,0,0
"147","06M128",542,199,652,649,96,36,135,54,259,95,52,14,311,109,57.4,54.8,0,0
"148","06M132",568,230,652,638,89,55,186,90,261,80,32,5,293,85,51.6,37,0,0
"149","06M143",1532,NA,636,NA,328,NA,656,NA,504,NA,44,NA,548,NA,35.8,NA,0,NA
"150","06M152",669,246,656,647,91,39,183,94,328,94,67,19,395,113,59,45.9,0,0
"151","06M153",648,218,653,650,123,40,165,59,286,98,74,21,360,119,55.6,54.6,0,0
"152","06M173",479,144,654,650,73,17,142,57,214,57,50,13,264,70,55.1,48.6,0,0
"153","06M187",586,83,670,670,60,12,113,14,290,38,123,19,413,57,70.5,68.7,0,0
"154","06M189",619,206,655,643,104,42,163,72,285,81,67,11,352,92,56.9,44.7,0,0
"155","06M192",359,101,644,643,69,17,136,42,143,40,11,2,154,42,42.9,41.6,0,0
"156","06M210",122,16,650,660,17,3,43,1,50,9,12,3,62,12,50.8,75,0,0
"157","06M218",749,NA,623,NA,253,NA,356,NA,138,NA,2,NA,140,NA,18.7,NA,0,NA
"158","06M223",401,76,705,709,2,0,7,0,186,29,206,47,392,76,97.8,100,0,0
"159","06M278",360,54,644,649,48,7,155,15,145,30,12,2,157,32,43.6,59.3,0,0
"160","06M293",81,NA,646,NA,7,NA,39,NA,32,NA,3,NA,35,NA,43.2,NA,0,NA
"161","06M311",245,37,663,656,23,2,58,14,117,17,47,4,164,21,66.9,56.8,0,0
"162","06M314",149,45,647,648,24,6,57,18,65,21,3,0,68,21,45.6,46.7,0,0
"163","06M319",307,NA,638,NA,47,NA,150,NA,105,NA,5,NA,110,NA,35.8,NA,0,NA
"164","06M321",281,NA,626,NA,79,NA,133,NA,68,NA,1,NA,69,NA,24.6,NA,0,NA
"165","06M322",736,NA,620,NA,258,NA,343,NA,130,NA,5,NA,135,NA,18.3,NA,0,NA
"166","06M324",287,NA,633,NA,69,NA,119,NA,96,NA,3,NA,99,NA,34.5,NA,0,NA
"167","06M325",344,95,639,633,96,29,124,31,111,34,13,1,124,35,36,36.8,0,0
"168","06M326",343,NA,620,NA,117,NA,172,NA,54,NA,0,NA,54,NA,15.7,NA,0,NA
"169","06M328",421,NA,632,NA,92,NA,185,NA,134,NA,10,NA,144,NA,34.2,NA,0,NA
"170","06M528",279,NA,652,NA,22,NA,90,NA,154,NA,13,NA,167,NA,59.9,NA,0,NA
"171","07X001",324,109,643,633,74,31,106,41,128,35,16,2,144,37,44.4,33.9,0,0
"172","07X005",293,113,655,639,46,25,74,41,149,43,24,4,173,47,59,41.6,0,0
"173","07X018",273,115,649,636,46,27,89,51,126,35,12,2,138,37,50.5,32.2,0,0
"174","07X025",348,62,629,633,109,13,140,32,89,15,10,2,99,17,28.4,27.4,0,0
"175","07X029",391,71,649,658,66,8,126,16,168,38,31,9,199,47,50.9,66.2,0,0
"176","07X030",351,132,647,640,63,32,127,50,141,42,20,8,161,50,45.9,37.9,0,0
"177","07X031",471,115,658,647,72,23,138,43,189,35,72,14,261,49,55.4,42.6,0,0
"178","07X043",331,131,648,648,67,25,99,39,141,58,24,9,165,67,49.8,51.1,0,0
"179","07X049",284,102,660,656,33,9,71,34,150,52,30,7,180,59,63.4,57.8,0,0
"180","07X065",240,66,643,636,60,20,73,26,94,18,13,2,107,20,44.6,30.3,0,0
"181","07X151",344,NA,602,NA,199,NA,120,NA,25,NA,0,NA,25,NA,7.3,NA,0,NA
"182","07X154",268,94,652,641,35,18,88,37,124,35,21,4,145,39,54.1,41.5,0,0
"183","07X157",270,91,647,647,52,17,83,33,116,34,19,7,135,41,50,45.1,0,0
"184","07X161",255,87,652,647,42,14,74,32,122,37,17,4,139,41,54.5,47.1,0,0
"185","07X162",1094,NA,631,NA,281,NA,471,NA,321,NA,21,NA,342,NA,31.3,NA,0,NA
"186","07X179",109,24,648,644,15,3,34,10,54,11,6,0,60,11,55,45.8,0,0
"187","07X203",536,NA,615,NA,240,NA,234,NA,62,NA,0,NA,62,NA,11.6,NA,0,NA
"188","07X221",158,NA,636,NA,30,NA,76,NA,50,NA,2,NA,52,NA,32.9,NA,0,NA
"189","07X223",466,NA,628,NA,125,NA,204,NA,129,NA,8,NA,137,NA,29.4,NA,0,NA
"190","07X224",466,NA,610,NA,203,NA,203,NA,58,NA,2,NA,60,NA,12.9,NA,0,NA
"191","07X277",235,79,647,634,48,25,76,30,95,22,16,2,111,24,47.2,30.4,0,0
"192","07X296",102,NA,603,NA,56,NA,39,NA,7,NA,0,NA,7,NA,6.9,NA,0,NA
"193","07X298",100,NA,615,NA,46,NA,36,NA,17,NA,1,NA,18,NA,18,NA,0,NA
"194","07X500",144,NA,632,NA,35,NA,63,NA,46,NA,0,NA,46,NA,31.9,NA,0,NA
"195","08X014",252,77,670,657,17,11,41,16,142,40,52,10,194,50,77,64.9,0,0
"196","08X036",280,96,670,665,16,8,54,21,163,50,47,17,210,67,75,69.8,0,0
"197","08X048",370,NA,664,NA,48,NA,75,NA,187,NA,60,NA,247,NA,66.8,NA,0,NA
"198","08X062",242,NA,654,NA,32,NA,75,NA,115,NA,20,NA,135,NA,55.8,NA,0,NA
"199","08X069",172,NA,686,NA,8,NA,12,NA,90,NA,62,NA,152,NA,88.4,NA,0,NA
"200","08X071",589,169,667,655,57,27,109,42,316,82,107,18,423,100,71.8,59.2,0,0
"201","08X072",481,159,665,661,62,13,106,50,217,75,96,21,313,96,65.1,60.4,0,0
"202","08X075",381,105,645,638,74,21,125,44,161,35,21,5,182,40,47.8,38.1,0,0
"203","08X093",291,71,646,645,55,12,76,23,139,35,21,1,160,36,55,50.7,0,0
"204","08X100",295,NA,676,NA,11,NA,42,NA,188,NA,54,NA,242,NA,82,NA,0,NA
"205","08X101",573,179,678,686,2,1,47,5,424,121,100,52,524,173,91.4,96.6,0,0
"206","08X107",338,102,649,639,71,26,104,39,129,32,34,5,163,37,48.2,36.3,0,0
"207","08X119",288,NA,670,NA,29,NA,51,NA,142,NA,66,NA,208,NA,72.2,NA,0,NA
"208","08X123",531,NA,630,NA,149,NA,199,NA,169,NA,14,NA,183,NA,34.5,NA,0,NA
"209","08X125",938,180,643,653,215,32,312,51,330,73,81,24,411,97,43.8,53.9,0,0
"210","08X130",221,NA,660,NA,29,NA,47,NA,121,NA,24,NA,145,NA,65.6,NA,0,NA
"211","08X131",1186,256,640,651,214,35,506,91,430,111,36,19,466,130,39.3,50.8,0,0
"212","08X138",330,NA,666,NA,27,NA,77,NA,170,NA,56,NA,226,NA,68.5,NA,0,NA
"213","08X140",243,97,657,652,35,17,66,28,109,41,33,11,142,52,58.4,53.6,0,0
"214","08X146",183,48,656,652,26,8,51,15,89,23,17,2,106,25,57.9,52.1,0,0
"215","08X152",409,141,645,644,84,25,117,43,194,66,14,7,208,73,50.9,51.8,0,0
"216","08X182",259,NA,678,NA,9,NA,27,NA,166,NA,57,NA,223,NA,86.1,NA,0,NA
"217","08X269",152,NA,631,NA,40,NA,62,NA,50,NA,0,NA,50,NA,32.9,NA,0,NA
"218","08X301",474,NA,621,NA,185,NA,209,NA,78,NA,2,NA,80,NA,16.9,NA,0,NA
"219","08X302",1138,216,635,643,257,44,496,91,354,69,31,12,385,81,33.8,37.5,0,0
"220","08X304",215,55,670,644,23,9,32,20,101,22,59,4,160,26,74.4,47.3,0,0
"221","08X333",120,NA,652,NA,21,NA,26,NA,63,NA,10,NA,73,NA,60.8,NA,0,NA
"222","08X335",212,100,633,623,62,40,78,41,69,19,3,0,72,19,34,19,0,0
"223","08X337",175,NA,644,NA,20,NA,80,NA,70,NA,5,NA,75,NA,42.9,NA,0,NA
"224","09X002",215,88,640,633,56,19,74,43,71,24,14,2,85,26,39.5,29.5,0,0
"225","09X004",401,88,636,635,124,29,130,26,121,30,26,3,147,33,36.7,37.5,0,0
"226","09X011",268,NA,655,NA,40,NA,69,NA,140,NA,19,NA,159,NA,59.3,NA,0,NA
"227","09X022",677,166,615,620,312,72,251,64,110,29,4,1,114,30,16.8,18.1,0,0
"228","09X028",482,159,646,639,79,33,164,65,216,60,23,1,239,61,49.6,38.4,0,0
"229","09X035",304,NA,675,NA,12,NA,48,NA,186,NA,58,NA,244,NA,80.3,NA,0,NA
"230","09X042",262,92,658,655,44,13,53,27,121,38,44,14,165,52,63,56.5,0,0
"231","09X053",773,259,650,639,127,55,240,101,353,95,53,8,406,103,52.5,39.8,0,0
"232","09X055",319,106,643,636,66,26,108,46,122,30,23,4,145,34,45.5,32.1,0,0
"233","09X058",409,89,636,628,121,28,159,34,117,26,12,1,129,27,31.5,30.3,0,0
"234","09X063",208,85,653,637,33,22,60,34,103,27,12,2,115,29,55.3,34.1,0,0
"235","09X064",504,173,648,643,115,35,142,64,212,67,35,7,247,74,49,42.8,0,0
"236","09X070",870,273,654,649,147,52,252,98,372,89,99,34,471,123,54.1,45.1,0,0
"237","09X073",403,152,632,623,142,66,135,54,115,32,11,0,126,32,31.3,21.1,0,0
"238","09X088",91,NA,663,NA,8,NA,26,NA,43,NA,14,NA,57,NA,62.6,NA,0,NA
"239","09X090",566,NA,645,NA,124,NA,178,NA,233,NA,31,NA,264,NA,46.6,NA,0,NA
"240","09X109",345,129,651,637,68,33,95,48,148,45,34,3,182,48,52.8,37.2,0,0
"241","09X110",239,58,641,633,53,14,81,28,98,16,7,0,105,16,43.9,27.6,0,0
"242","09X114",308,NA,654,NA,35,NA,105,NA,148,NA,20,NA,168,NA,54.5,NA,0,NA
"243","09X117",1051,NA,626,NA,320,NA,469,NA,255,NA,7,NA,262,NA,24.9,NA,0,NA
"244","09X126",444,116,642,637,84,27,172,44,178,44,10,1,188,45,42.3,38.8,0,0
"245","09X128",234,NA,660,NA,13,NA,67,NA,136,NA,18,NA,154,NA,65.8,NA,0,NA
"246","09X132",295,88,640,636,81,25,88,35,97,21,29,7,126,28,42.7,31.8,0,0
"247","09X145",528,96,625,622,177,39,213,35,129,21,9,1,138,22,26.1,22.9,0,0
"248","09X163",326,70,646,645,60,11,99,26,154,31,13,2,167,33,51.2,47.1,0,0
"249","09X166",1033,150,623,635,391,38,410,64,221,47,11,1,232,48,22.5,32,0,0
"250","09X199",360,126,660,655,34,11,88,34,201,76,37,5,238,81,66.1,64.3,0,0
"251","09X204",192,62,692,681,2,0,15,4,106,47,69,11,175,58,91.1,93.5,0,0
"252","09X215",262,46,652,662,21,0,92,12,144,33,5,1,149,34,56.9,73.9,0,0
"253","09X218",650,161,653,644,81,27,218,58,313,72,38,4,351,76,54,47.2,0,0
"254","09X219",608,NA,618,NA,254,NA,246,NA,101,NA,7,NA,108,NA,17.8,NA,0,NA
"255","09X229",451,100,617,632,207,26,162,49,77,23,5,2,82,25,18.2,25,0,0
"256","09X230",199,NA,646,NA,40,NA,56,NA,95,NA,8,NA,103,NA,51.8,NA,0,NA
"257","09X232",744,NA,620,NA,275,NA,352,NA,114,NA,3,NA,117,NA,15.7,NA,0,NA
"258","09X241",156,NA,662,NA,6,NA,40,NA,89,NA,21,NA,110,NA,70.5,NA,0,NA
"259","09X250",64,NA,656,NA,3,NA,23,NA,32,NA,6,NA,38,NA,59.4,NA,0,NA
"260","09X303",322,NA,643,NA,43,NA,137,NA,137,NA,5,NA,142,NA,44.1,NA,0,NA
"261","09X313",491,NA,612,NA,234,NA,188,NA,65,NA,4,NA,69,NA,14.1,NA,0,NA
"262","09X323",633,NA,627,NA,206,NA,263,NA,159,NA,5,NA,164,NA,25.9,NA,0,NA
"263","09X325",504,124,620,625,208,50,188,44,101,27,7,3,108,30,21.4,24.2,0,0
"264","09X327",173,NA,657,NA,14,NA,57,NA,86,NA,16,NA,102,NA,59,NA,0,NA
"265","09X328",369,NA,604,NA,201,NA,137,NA,31,NA,0,NA,31,NA,8.4,NA,0,NA
"266","09X339",836,NA,609,NA,418,NA,338,NA,78,NA,2,NA,80,NA,9.6,NA,0,NA
"267","09X505",140,NA,642,NA,24,NA,59,NA,55,NA,2,NA,57,NA,40.7,NA,0,NA
"268","09X517",145,NA,649,NA,19,NA,46,NA,73,NA,7,NA,80,NA,55.2,NA,0,NA
"269","10X003",386,50,648,659,78,5,124,10,161,30,23,5,184,35,47.7,70,0,0
"270","10X007",576,208,653,646,90,32,176,80,254,89,56,7,310,96,53.8,46.2,0,0
"271","10X008",607,202,657,647,98,41,174,85,241,49,94,27,335,76,55.2,37.6,0,0
"272","10X009",482,187,653,643,66,29,155,78,222,72,39,8,261,80,54.1,42.8,0,0
"273","10X015",421,103,658,655,47,10,100,31,237,54,37,8,274,62,65.1,60.2,0,0
"274","10X020",917,165,649,653,145,18,330,61,364,65,78,21,442,86,48.2,52.1,0,0
"275","10X024",354,126,690,685,10,3,21,12,190,71,133,40,323,111,91.2,88.1,0,0
"276","10X032",433,143,664,656,44,19,92,44,234,59,63,21,297,80,68.6,55.9,0,0
"277","10X033",538,184,649,643,99,27,179,85,213,68,47,4,260,72,48.3,39.1,0,0
"278","10X037",375,84,646,644,66,16,139,35,142,29,28,4,170,33,45.3,39.3,0,0
"279","10X045",1316,NA,639,NA,260,NA,504,NA,507,NA,45,NA,552,NA,41.9,NA,0,NA
"280","10X046",641,215,650,641,125,47,179,80,291,82,46,6,337,88,52.6,40.9,0,0
"281","10X051",107,35,667,650,5,5,22,10,65,19,15,1,80,20,74.8,57.1,0,0
"282","10X054",226,79,640,627,57,26,80,32,81,21,8,0,89,21,39.4,26.6,0,0
"283","10X056",285,102,663,658,28,7,69,35,152,49,36,11,188,60,66,58.8,0,0
"284","10X059",393,159,650,640,72,40,118,56,179,58,24,5,203,63,51.7,39.6,0,0
"285","10X079",430,150,656,648,58,20,123,56,201,66,48,8,249,74,57.9,49.3,0,0
"286","10X080",891,NA,624,NA,283,NA,430,NA,170,NA,8,NA,178,NA,20,NA,0,NA
"287","10X081",288,88,686,683,8,1,36,8,140,52,104,27,244,79,84.7,89.8,0,0
"288","10X085",616,211,654,651,92,28,158,68,301,95,65,20,366,115,59.4,54.5,0,0
"289","10X086",938,242,653,651,138,31,259,80,464,116,77,15,541,131,57.7,54.1,0,0
"290","10X091",383,130,660,648,41,25,90,40,206,52,46,13,252,65,65.8,50,0,0
"291","10X094",475,160,658,651,65,18,130,61,216,64,64,17,280,81,58.9,50.6,0,0
"292","10X095",1001,178,650,645,166,37,314,63,436,63,85,15,521,78,52,43.8,0,0
"293","10X118",1224,NA,643,NA,275,NA,351,NA,502,NA,96,NA,598,NA,48.9,NA,0,NA
"294","10X141",654,NA,651,NA,88,NA,209,NA,293,NA,64,NA,357,NA,54.6,NA,0,NA
"295","10X159",98,28,661,655,7,2,24,7,58,18,9,1,67,19,68.4,67.9,0,0
"296","10X205",487,173,672,658,38,21,104,52,244,79,101,21,345,100,70.8,57.8,0,0
"297","10X206",473,74,637,650,113,5,192,32,159,35,9,2,168,37,35.5,50,0,0
"298","10X225",305,NA,648,NA,19,NA,138,NA,140,NA,8,NA,148,NA,48.5,NA,0,NA
"299","10X226",178,NA,646,NA,31,NA,62,NA,81,NA,4,NA,85,NA,47.8,NA,0,NA
"300","10X228",143,NA,632,NA,28,NA,81,NA,34,NA,0,NA,34,NA,23.8,NA,0,NA
"301","10X243",120,NA,636,NA,22,NA,61,NA,36,NA,1,NA,37,NA,30.8,NA,0,NA
"302","10X244",391,NA,615,NA,151,NA,164,NA,72,NA,4,NA,76,NA,19.4,NA,0,NA
"303","10X246",515,127,645,641,104,32,174,39,209,49,28,7,237,56,46,44.1,0,0
"304","10X254",509,NA,631,NA,129,NA,229,NA,135,NA,16,NA,151,NA,29.7,NA,0,NA
"305","10X279",769,118,644,645,154,19,279,47,283,46,53,6,336,52,43.7,44.1,0,0
"306","10X280",429,81,673,678,17,4,80,11,246,46,86,20,332,66,77.4,81.5,0,0
"307","10X291",227,NA,672,NA,23,NA,36,NA,118,NA,50,NA,168,NA,74,NA,0,NA
"308","10X306",560,136,638,637,140,28,227,71,171,35,22,2,193,37,34.5,27.2,0,0
"309","10X307",23,NA,682,NA,1,NA,1,NA,15,NA,6,NA,21,NA,91.3,NA,0,NA
"310","10X308",289,NA,634,NA,55,NA,156,NA,78,NA,0,NA,78,NA,27,NA,0,NA
"311","10X310",407,129,652,653,69,16,113,46,190,55,35,12,225,67,55.3,51.9,0,0
"312","10X315",160,24,652,659,27,0,40,10,82,12,11,2,93,14,58.1,58.3,0,0
"313","10X331",350,NA,630,NA,93,NA,153,NA,98,NA,6,NA,104,NA,29.7,NA,0,NA
"314","10X340",261,73,668,653,14,12,59,19,145,35,43,7,188,42,72,57.5,0,0
"315","10X360",263,71,648,635,41,15,86,30,121,25,15,1,136,26,51.7,36.6,0,0
"316","10X368",576,NA,636,NA,130,NA,244,NA,184,NA,18,NA,202,NA,35.1,NA,0,NA
"317","10X390",636,153,627,623,201,62,266,58,160,31,9,2,169,33,26.6,21.6,0,0
"318","10X391",830,NA,612,NA,380,NA,343,NA,105,NA,2,NA,107,NA,12.9,NA,0,NA
"319","10X396",114,NA,653,NA,23,NA,24,NA,55,NA,12,NA,67,NA,58.8,NA,0,NA
"320","10X399",738,NA,613,NA,350,NA,303,NA,84,NA,1,NA,85,NA,11.5,NA,0,NA
"321","11X016",343,114,668,659,33,11,70,37,179,54,61,12,240,66,70,57.9,0,0
"322","11X019",303,43,682,695,4,0,39,4,178,20,82,19,260,39,85.8,90.7,0,0
"323","11X021",427,168,656,648,53,22,126,64,209,72,39,10,248,82,58.1,48.8,0,0
"324","11X041",457,137,662,656,43,12,104,39,258,80,52,6,310,86,67.8,62.8,0,0
"325","11X068",396,117,663,653,36,11,90,47,210,51,60,8,270,59,68.2,50.4,0,0
"326","11X076",512,154,673,665,21,6,95,36,284,91,112,21,396,112,77.3,72.7,0,0
"327","11X078",391,126,657,651,46,16,99,40,203,62,43,8,246,70,62.9,55.6,0,0
"328","11X083",1141,165,659,654,127,23,326,49,559,76,129,17,688,93,60.3,56.4,0,0
"329","11X087",299,87,652,647,45,11,78,25,150,49,26,2,176,51,58.9,58.6,0,0
"330","11X089",1028,158,651,654,143,14,331,53,482,83,72,8,554,91,53.9,57.6,0,0
"331","11X096",519,165,672,668,47,13,71,21,290,103,111,28,401,131,77.3,79.4,0,0
"332","11X097",353,111,667,665,35,8,70,25,183,62,65,16,248,78,70.3,70.3,0,0
"333","11X103",556,182,651,640,87,38,157,68,278,73,34,3,312,76,56.1,41.8,0,0
"334","11X105",704,216,669,661,36,17,148,57,389,115,131,27,520,142,73.9,65.7,0,0
"335","11X106",405,NA,680,NA,16,NA,57,NA,232,NA,100,NA,332,NA,82,NA,0,NA
"336","11X108",273,74,685,687,12,1,34,5,135,45,92,23,227,68,83.2,91.9,0,0
"337","11X111",397,109,654,651,48,20,112,29,209,51,28,9,237,60,59.7,55,0,0
"338","11X112",307,91,646,637,66,21,87,39,134,30,20,1,154,31,50.2,34.1,0,0
"339","11X121",402,124,667,652,28,15,84,32,216,67,74,10,290,77,72.1,62.1,0,0
"340","11X127",867,177,640,647,178,26,326,62,318,79,45,10,363,89,41.9,50.3,0,0
"341","11X142",1069,NA,629,NA,293,NA,518,NA,238,NA,20,NA,258,NA,24.1,NA,0,NA
"342","11X144",1302,NA,630,NA,370,NA,553,NA,356,NA,23,NA,379,NA,29.1,NA,0,NA
"343","11X153",261,NA,672,NA,25,NA,34,NA,148,NA,54,NA,202,NA,77.4,NA,0,NA
"344","11X160",187,NA,677,NA,16,NA,21,NA,103,NA,47,NA,150,NA,80.2,NA,0,NA
"345","11X175",306,47,673,665,7,1,46,9,199,34,54,3,253,37,82.7,78.7,0,0
"346","11X178",250,NA,659,NA,38,NA,56,NA,130,NA,26,NA,156,NA,62.4,NA,0,NA
"347","11X180",1056,231,645,651,190,36,361,70,440,108,65,17,505,125,47.8,54.1,0,0
"348","11X181",719,154,645,655,160,32,247,40,240,57,72,25,312,82,43.4,53.2,0,0
"349","11X194",819,123,661,661,94,10,230,30,376,71,119,12,495,83,60.4,67.5,0,0
"350","11X270",71,NA,632,NA,18,NA,30,NA,22,NA,1,NA,23,NA,32.4,NA,0,NA
"351","11X272",197,NA,630,NA,56,NA,81,NA,55,NA,5,NA,60,NA,30.5,NA,0,NA
"352","11X287",93,NA,638,NA,17,NA,45,NA,31,NA,0,NA,31,NA,33.3,NA,0,NA
"353","11X289",187,NA,646,NA,29,NA,70,NA,78,NA,10,NA,88,NA,47.1,NA,0,NA
"354","12X006",361,112,655,651,61,23,73,28,183,48,44,13,227,61,62.9,54.5,0,0
"355","12X044",194,49,650,637,35,13,55,18,89,17,15,1,104,18,53.6,36.7,0,0
"356","12X047",391,NA,664,NA,43,NA,82,NA,210,NA,56,NA,266,NA,68,NA,0,NA
"357","12X050",430,96,658,649,44,11,102,33,242,47,42,5,284,52,66,54.2,0,0
"358","12X057",256,78,652,650,47,13,54,21,130,37,25,7,155,44,60.5,56.4,0,0
"359","12X061",217,87,651,645,37,15,56,30,106,37,18,5,124,42,57.1,48.3,0,0
"360","12X066",354,100,644,644,75,20,118,35,142,40,19,5,161,45,45.5,45,0,0
"361","12X067",456,127,646,656,94,12,128,36,204,69,30,10,234,79,51.3,62.2,0,0
"362","12X092",278,95,643,641,56,19,100,34,115,39,7,3,122,42,43.9,44.2,0,0
"363","12X098",572,126,629,630,169,42,219,48,173,33,11,3,184,36,32.2,28.6,0,0
"364","12X102",849,229,650,645,141,39,263,85,370,93,75,12,445,105,52.4,45.9,0,0
"365","12X129",533,NA,623,NA,173,NA,239,NA,111,NA,10,NA,121,NA,22.7,NA,0,NA
"366","12X134",339,87,650,643,56,20,102,27,161,37,20,3,181,40,53.4,46,0,0
"367","12X150",414,99,656,652,51,14,96,24,226,54,41,7,267,61,64.5,61.6,0,0
"368","12X190",257,NA,639,NA,45,NA,114,NA,93,NA,5,NA,98,NA,38.1,NA,0,NA
"369","12X195",257,NA,658,NA,47,NA,56,NA,121,NA,33,NA,154,NA,59.9,NA,0,NA
"370","12X196",262,NA,666,NA,17,NA,58,NA,152,NA,35,NA,187,NA,71.4,NA,0,NA
"371","12X198",228,78,643,640,61,21,74,30,82,25,11,2,93,27,40.8,34.6,0,0
"372","12X211",464,65,645,640,88,14,161,22,194,27,21,2,215,29,46.3,44.6,0,0
"373","12X212",362,79,642,652,75,14,140,24,130,32,17,9,147,41,40.6,51.9,0,0
"374","12X214",575,83,646,652,129,17,178,23,231,34,37,9,268,43,46.6,51.8,0,0
"375","12X217",502,114,633,636,119,26,233,50,133,34,17,4,150,38,29.9,33.3,0,0
"376","12X242",73,NA,658,NA,4,NA,31,NA,28,NA,10,NA,38,NA,52.1,NA,0,NA
"377","12X245",54,NA,623,NA,20,NA,23,NA,10,NA,1,NA,11,NA,20.4,NA,0,NA
"378","12X267",117,NA,652,NA,7,NA,43,NA,60,NA,7,NA,67,NA,57.3,NA,0,NA
"379","12X271",139,NA,634,NA,28,NA,70,NA,38,NA,3,NA,41,NA,29.5,NA,0,NA
"380","12X273",180,NA,656,NA,17,NA,56,NA,97,NA,10,NA,107,NA,59.4,NA,0,NA
"381","12X286",163,NA,629,NA,47,NA,62,NA,52,NA,2,NA,54,NA,33.1,NA,0,NA
"382","12X300",278,108,645,641,59,22,80,41,126,41,13,4,139,45,50,41.7,0,0
"383","12X316",135,NA,677,NA,0,NA,19,NA,94,NA,22,NA,116,NA,85.9,NA,0,NA
"384","12X318",396,NA,624,NA,110,NA,196,NA,89,NA,1,NA,90,NA,22.7,NA,0,NA
"385","12X341",155,NA,642,NA,22,NA,72,NA,58,NA,3,NA,61,NA,39.4,NA,0,NA
"386","12X691",51,16,651,637,6,3,21,8,19,5,5,0,24,5,47.1,31.3,0,0
"387","13K003",304,94,654,646,44,12,87,37,140,39,33,6,173,45,56.9,47.9,0,0
"388","13K008",106,27,662,656,7,1,24,10,61,15,14,1,75,16,70.8,59.3,0,0
"389","13K009",242,86,649,641,47,21,62,29,111,33,22,3,133,36,55,41.9,0,0
"390","13K011",206,72,673,652,15,11,35,22,111,35,45,4,156,39,75.7,54.2,0,0
"391","13K020",247,86,665,657,32,11,49,24,120,38,46,13,166,51,67.2,59.3,0,0
"392","13K044",305,94,672,654,23,13,61,28,147,42,74,11,221,53,72.5,56.4,0,0
"393","13K046",197,68,655,663,31,5,50,15,94,36,22,12,116,48,58.9,70.6,0,0
"394","13K054",209,69,646,639,43,17,47,20,109,30,10,2,119,32,56.9,46.4,0,0
"395","13K056",220,80,661,647,33,20,51,23,102,31,34,6,136,37,61.8,46.3,0,0
"396","13K067",162,56,634,630,51,20,60,22,46,12,5,2,51,14,31.5,25,0,0
"397","13K093",221,71,665,665,16,3,50,17,123,41,32,10,155,51,70.1,71.8,0,0
"398","13K103",322,NA,626,NA,92,NA,162,NA,68,NA,0,NA,68,NA,21.1,NA,0,NA
"399","13K113",869,NA,650,NA,122,NA,286,NA,406,NA,55,NA,461,NA,53,NA,0,NA
"400","13K133",141,49,677,672,4,1,23,9,82,30,32,9,114,39,80.9,79.6,0,0
"401","13K256",237,90,651,642,35,16,79,37,106,33,17,4,123,37,51.9,41.1,0,0
"402","13K265",330,NA,626,NA,97,NA,148,NA,84,NA,1,NA,85,NA,25.8,NA,0,NA
"403","13K266",226,NA,652,NA,25,NA,81,NA,104,NA,16,NA,120,NA,53.1,NA,0,NA
"404","13K270",152,56,676,671,2,1,18,11,104,33,28,11,132,44,86.8,78.6,0,0
"405","13K282",274,91,671,670,23,8,39,18,151,45,61,20,212,65,77.4,71.4,0,0
"406","13K287",101,35,650,634,18,7,24,16,52,12,7,0,59,12,58.4,34.3,0,0
"407","13K301",263,NA,632,NA,62,NA,131,NA,69,NA,1,NA,70,NA,26.6,NA,0,NA
"408","13K305",223,77,653,650,29,12,65,25,113,31,16,9,129,40,57.8,51.9,0,0
"409","13K307",190,59,647,654,53,15,35,8,87,29,15,7,102,36,53.7,61,0,0
"410","13K313",325,NA,642,NA,54,NA,133,NA,130,NA,8,NA,138,NA,42.5,NA,0,NA
"411","13K336",69,NA,627,NA,20,NA,31,NA,18,NA,0,NA,18,NA,26.1,NA,0,NA
"412","13K571",274,NA,622,NA,92,NA,123,NA,55,NA,4,NA,59,NA,21.5,NA,0,NA
"413","14K016",190,73,648,635,38,21,54,24,89,28,9,0,98,28,51.6,38.4,0,0
"414","14K017",204,67,659,648,34,15,34,18,100,26,36,8,136,34,66.7,50.7,0,0
"415","14K018",117,36,656,661,12,2,39,14,54,15,12,5,66,20,56.4,55.6,0,0
"416","14K019",362,130,650,644,63,18,116,59,159,47,24,6,183,53,50.6,40.8,0,0
"417","14K023",129,50,648,636,25,16,41,18,53,15,10,1,63,16,48.8,32,0,0
"418","14K031",294,93,705,715,0,0,5,1,133,23,156,69,289,92,98.3,98.9,0,0
"419","14K034",204,70,698,696,0,0,6,3,104,34,94,33,198,67,97.1,95.7,0,0
"420","14K050",730,NA,626,NA,203,NA,351,NA,169,NA,7,NA,176,NA,24.1,NA,0,NA
"421","14K059",247,73,648,645,36,13,90,24,107,34,14,2,121,36,49,49.3,0,0
"422","14K071",536,NA,619,NA,204,NA,229,NA,102,NA,1,NA,103,NA,19.2,NA,0,NA
"423","14K084",236,90,650,643,39,17,71,27,109,41,17,5,126,46,53.4,51.1,0,0
"424","14K110",225,71,656,646,52,16,35,16,98,34,40,5,138,39,61.3,54.9,0,0
"425","14K120",198,61,652,639,26,9,68,31,89,20,15,1,104,21,52.5,34.4,0,0
"426","14K126",709,NA,625,NA,221,NA,317,NA,157,NA,14,NA,171,NA,24.1,NA,0,NA
"427","14K132",302,95,676,669,17,7,57,22,140,42,88,24,228,66,75.5,69.5,0,0
"428","14K147",160,50,648,641,34,12,43,17,73,20,10,1,83,21,51.9,42,0,0
"429","14K157",154,63,658,646,22,15,39,17,78,26,15,5,93,31,60.4,49.2,0,0
"430","14K196",174,62,680,674,6,2,18,8,102,37,48,15,150,52,86.2,83.9,0,0
"431","14K250",439,162,671,666,16,10,82,37,265,91,76,24,341,115,77.7,71,0,0
"432","14K257",279,97,673,669,16,5,38,20,167,54,58,18,225,72,80.6,74.2,0,0
"433","14K297",229,86,645,635,43,20,90,39,86,25,10,2,96,27,41.9,31.4,0,0
"434","14K318",1319,NA,656,NA,109,NA,400,NA,676,NA,134,NA,810,NA,61.4,NA,0,NA
"435","14K330",78,NA,621,NA,33,NA,31,NA,14,NA,0,NA,14,NA,17.9,NA,0,NA
"436","14K380",225,84,673,665,22,7,35,22,107,37,61,18,168,55,74.7,65.5,0,0
"437","14K577",342,NA,660,NA,28,NA,94,NA,182,NA,38,NA,220,NA,64.3,NA,0,NA
"438","14K582",268,NA,637,NA,57,NA,118,NA,82,NA,11,NA,93,NA,34.7,NA,0,NA
"439","15K001",432,144,667,662,50,13,80,40,227,68,75,23,302,91,69.9,63.2,0,0
"440","15K010",226,77,667,662,20,11,35,14,136,38,35,14,171,52,75.7,67.5,0,0
"441","15K015",191,68,673,671,7,2,32,13,115,41,37,12,152,53,79.6,77.9,0,0
"442","15K024",410,143,652,640,58,30,123,53,206,58,23,2,229,60,55.9,42,0,0
"443","15K027",286,49,629,625,87,17,117,25,81,7,1,0,82,7,28.7,14.3,0,0
"444","15K029",387,123,691,689,14,2,37,15,173,60,163,46,336,106,86.8,86.2,0,0
"445","15K032",133,42,654,660,21,3,34,12,71,23,7,4,78,27,58.6,64.3,0,0
"446","15K038",202,65,649,638,35,13,70,32,77,19,20,1,97,20,48,30.8,0,0
"447","15K039",161,58,673,657,7,3,28,17,96,35,30,3,126,38,78.3,65.5,0,0
"448","15K051",987,NA,671,NA,63,NA,114,NA,622,NA,188,NA,810,NA,82.1,NA,0,NA
"449","15K058",166,52,680,665,9,4,18,13,91,28,48,7,139,35,83.7,67.3,0,0
"450","15K088",896,NA,633,NA,236,NA,322,NA,301,NA,37,NA,338,NA,37.7,NA,0,NA
"451","15K094",609,210,657,664,97,21,140,51,286,94,86,44,372,138,61.1,65.7,0,0
"452","15K107",175,64,674,661,12,6,29,15,91,34,43,9,134,43,76.6,67.2,0,0
"453","15K124",151,39,674,683,8,0,22,4,98,25,23,10,121,35,80.1,89.7,0,0
"454","15K130",240,81,683,678,9,4,31,14,136,46,64,17,200,63,83.3,77.8,0,0
"455","15K131",385,134,668,660,33,14,80,35,208,68,64,17,272,85,70.6,63.4,0,0
"456","15K136",572,NA,622,NA,210,NA,255,NA,104,NA,3,NA,107,NA,18.7,NA,0,NA
"457","15K146",247,86,672,656,7,1,46,30,154,52,40,3,194,55,78.5,64,0,0
"458","15K154",163,49,678,665,19,11,10,2,79,22,55,14,134,36,82.2,73.5,0,0
"459","15K169",483,179,669,656,38,23,106,49,248,91,91,16,339,107,70.2,59.8,0,0
"460","15K172",228,77,706,704,0,0,3,0,91,34,134,43,225,77,98.7,100,0,0
"461","15K230",490,159,682,679,30,12,54,21,240,68,166,58,406,126,82.9,79.2,0,0
"462","15K261",348,113,658,652,45,19,76,32,178,49,49,13,227,62,65.2,54.9,0,0
"463","15K295",173,43,671,676,16,4,34,6,87,22,36,11,123,33,71.1,76.7,0,0
"464","15K321",608,189,692,685,26,14,42,18,292,86,248,71,540,157,88.8,83.1,0,0
"465","15K429",183,NA,629,NA,53,NA,75,NA,53,NA,2,NA,55,NA,30.1,NA,0,NA
"466","15K442",226,NA,615,NA,80,NA,115,NA,30,NA,1,NA,31,NA,13.7,NA,0,NA
"467","15K443",412,NA,643,NA,54,NA,174,NA,171,NA,13,NA,184,NA,44.7,NA,0,NA
"468","15K447",318,NA,660,NA,31,NA,85,NA,156,NA,46,NA,202,NA,63.5,NA,0,NA
"469","15K448",392,NA,634,NA,94,NA,169,NA,115,NA,14,NA,129,NA,32.9,NA,0,NA
"470","15K462",213,NA,622,NA,75,NA,91,NA,45,NA,2,NA,47,NA,22.1,NA,0,NA
"471","15K463",220,NA,622,NA,73,NA,101,NA,46,NA,0,NA,46,NA,20.9,NA,0,NA
"472","15K464",192,NA,634,NA,45,NA,88,NA,56,NA,3,NA,59,NA,30.7,NA,0,NA
"473","15K497",182,NA,642,NA,40,NA,55,NA,81,NA,6,NA,87,NA,47.8,NA,0,NA
"474","15K821",342,NA,660,NA,25,NA,64,NA,217,NA,36,NA,253,NA,74,NA,0,NA
"475","16K005",262,103,668,653,33,17,63,28,108,49,58,9,166,58,63.4,56.3,0,0
"476","16K021",340,112,669,661,28,5,77,40,180,54,55,13,235,67,69.1,59.8,0,0
"477","16K025",449,77,631,631,123,23,210,35,103,17,13,2,116,19,25.8,24.7,0,0
"478","16K026",204,68,659,653,29,12,45,15,109,34,21,7,130,41,63.7,60.3,0,0
"479","16K028",95,31,661,661,3,1,32,9,51,18,9,3,60,21,63.2,67.7,0,0
"480","16K035",278,NA,619,NA,100,NA,134,NA,43,NA,1,NA,44,NA,15.8,NA,0,NA
"481","16K040",189,66,651,645,34,12,59,24,80,25,16,5,96,30,50.8,45.5,0,0
"482","16K057",361,NA,617,NA,139,NA,155,NA,66,NA,1,NA,67,NA,18.6,NA,0,NA
"483","16K081",220,64,651,658,44,8,52,18,103,27,21,11,124,38,56.4,59.4,0,0
"484","16K243",265,82,644,640,60,21,87,30,101,26,17,5,118,31,44.5,37.8,0,0
"485","16K262",208,77,652,653,32,11,61,19,96,43,19,4,115,47,55.3,61,0,0
"486","16K267",482,NA,648,NA,59,NA,189,NA,203,NA,31,NA,234,NA,48.5,NA,0,NA
"487","16K308",630,107,644,632,109,33,218,40,275,32,28,2,303,34,48.1,31.8,0,0
"488","16K309",208,70,653,641,28,15,57,27,108,27,15,1,123,28,59.1,40,0,0
"489","16K335",240,71,650,644,45,14,68,22,110,34,17,1,127,35,52.9,49.3,0,0
"490","16K385",330,NA,627,NA,110,NA,128,NA,82,NA,10,NA,92,NA,27.9,NA,0,NA
"491","16K393",259,NA,659,NA,29,NA,65,NA,135,NA,30,NA,165,NA,63.7,NA,0,NA
"492","16K584",264,NA,615,NA,108,NA,115,NA,40,NA,1,NA,41,NA,15.5,NA,0,NA
"493","17K002",744,NA,625,NA,275,NA,273,NA,187,NA,9,NA,196,NA,26.3,NA,0,NA
"494","17K006",383,133,662,648,44,24,103,53,176,40,60,16,236,56,61.6,42.1,0,0
"495","17K012",356,60,624,617,135,31,124,17,87,11,10,1,97,12,27.2,20,0,0
"496","17K022",328,139,650,640,60,29,98,53,143,54,27,3,170,57,51.8,41,0,0
"497","17K061",1112,NA,633,NA,266,NA,463,NA,370,NA,13,NA,383,NA,34.4,NA,0,NA
"498","17K091",438,147,665,651,57,26,77,43,238,64,66,14,304,78,69.4,53.1,0,0
"499","17K092",398,147,658,642,67,34,102,48,170,57,59,8,229,65,57.5,44.2,0,0
"500","17K138",630,111,641,636,136,31,222,37,236,41,36,2,272,43,43.2,38.7,0,0
"501","17K161",644,150,665,652,37,13,183,60,343,67,81,10,424,77,65.8,51.3,0,0
"502","17K167",337,108,643,628,73,33,120,54,125,20,19,1,144,21,42.7,19.4,0,0
"503","17K181",758,169,644,640,122,32,268,70,312,64,56,3,368,67,48.5,39.6,0,0
"504","17K189",844,121,661,661,67,10,234,35,445,60,98,16,543,76,64.3,62.8,0,0
"505","17K191",171,62,651,636,36,17,46,26,68,15,21,4,89,19,52,30.6,0,0
"506","17K221",341,121,660,657,33,9,87,33,183,72,38,7,221,79,64.8,65.3,0,0
"507","17K241",339,112,667,662,27,3,85,36,165,65,62,8,227,73,67,65.2,0,0
"508","17K246",1120,NA,616,NA,485,NA,446,NA,183,NA,6,NA,189,NA,16.9,NA,0,NA
"509","17K249",189,NA,674,NA,8,NA,24,NA,118,NA,39,NA,157,NA,83.1,NA,0,NA
"510","17K289",441,137,661,652,47,17,106,40,234,71,54,9,288,80,65.3,58.4,0,0
"511","17K316",229,71,647,634,47,24,61,20,103,24,18,3,121,27,52.8,38,0,0
"512","17K334",85,NA,617,NA,34,NA,39,NA,12,NA,0,NA,12,NA,14.1,NA,0,NA
"513","17K340",366,NA,659,NA,9,NA,117,NA,212,NA,28,NA,240,NA,65.6,NA,0,NA
"514","17K352",574,NA,616,NA,234,NA,277,NA,61,NA,2,NA,63,NA,11,NA,0,NA
"515","17K353",171,NA,630,NA,41,NA,91,NA,37,NA,2,NA,39,NA,22.8,NA,0,NA
"516","17K354",88,NA,608,NA,46,NA,29,NA,13,NA,0,NA,13,NA,14.8,NA,0,NA
"517","17K375",242,84,654,643,34,15,66,33,119,33,23,3,142,36,58.7,42.9,0,0
"518","17K394",568,40,652,651,87,5,248,13,207,21,26,1,233,22,41,55,0,0
"519","17K397",219,75,646,636,48,20,65,30,95,25,11,0,106,25,48.4,33.3,0,0
"520","17K398",308,95,635,625,110,38,93,35,84,19,21,3,105,22,34.1,23.2,0,0
"521","17K399",208,74,671,667,10,1,40,17,127,47,31,9,158,56,76,75.7,0,0
"522","17K531",151,NA,625,NA,41,NA,81,NA,28,NA,1,NA,29,NA,19.2,NA,0,NA
"523","17K533",132,NA,620,NA,48,NA,67,NA,17,NA,0,NA,17,NA,12.9,NA,0,NA
"524","17K587",324,NA,624,NA,96,NA,167,NA,58,NA,3,NA,61,NA,18.8,NA,0,NA
"525","17K590",70,NA,660,NA,3,NA,17,NA,42,NA,8,NA,50,NA,71.4,NA,0,NA
"526","18K066",427,58,648,647,51,8,154,24,207,24,15,2,222,26,52,44.8,0,0
"527","18K068",1112,NA,631,NA,280,NA,506,NA,319,NA,7,NA,326,NA,29.3,NA,0,NA
"528","18K114",491,170,660,653,49,23,144,51,244,86,54,10,298,96,60.7,56.5,0,0
"529","18K115",603,202,667,659,49,16,124,54,334,117,96,15,430,132,71.3,65.3,0,0
"530","18K135",400,132,670,666,40,12,63,30,208,63,89,27,297,90,74.3,68.2,0,0
"531","18K208",364,124,666,660,28,10,102,41,166,55,68,18,234,73,64.3,58.9,0,0
"532","18K211",788,NA,631,NA,221,NA,334,NA,204,NA,29,NA,233,NA,29.6,NA,0,NA
"533","18K219",465,158,657,657,57,19,120,46,239,70,49,23,288,93,61.9,58.9,0,0
"534","18K233",414,154,663,652,48,25,88,51,223,64,55,14,278,78,67.1,50.6,0,0
"535","18K235",908,187,686,680,26,10,63,19,509,99,310,59,819,158,90.2,84.5,0,0
"536","18K244",508,177,663,658,45,18,103,44,297,99,63,16,360,115,70.9,65,0,0
"537","18K268",347,121,661,644,44,24,76,39,183,53,44,5,227,58,65.4,47.9,0,0
"538","18K272",391,139,651,648,77,32,98,34,189,63,27,10,216,73,55.2,52.5,0,0
"539","18K276",534,193,663,659,55,17,122,57,271,91,86,28,357,119,66.9,61.7,0,0
"540","18K279",553,197,671,666,60,31,96,36,275,88,122,42,397,130,71.8,66,0,0
"541","18K285",1015,NA,635,NA,223,NA,433,NA,348,NA,11,NA,359,NA,35.4,NA,0,NA
"542","19K007",354,NA,688,NA,14,NA,41,NA,179,NA,120,NA,299,NA,84.5,NA,0,NA
"543","19K013",350,112,655,652,57,16,88,35,172,52,33,9,205,61,58.6,54.5,0,0
"544","19K065",287,103,670,666,20,8,57,25,158,54,52,16,210,70,73.2,68,0,0
"545","19K072",346,118,663,650,39,20,78,33,178,55,51,10,229,65,66.2,55.1,0,0
"546","19K089",133,23,656,648,13,4,38,7,74,11,8,1,82,12,61.7,52.2,0,0
"547","19K108",517,176,675,661,31,19,76,37,286,95,124,25,410,120,79.3,68.2,0,0
"548","19K149",338,120,665,659,36,16,68,27,175,62,59,15,234,77,69.2,64.2,0,0
"549","19K158",241,78,661,656,26,7,62,33,122,27,31,11,153,38,63.5,48.7,0,0
"550","19K159",465,155,663,654,53,24,104,43,234,71,74,17,308,88,66.2,56.8,0,0
"551","19K166",744,NA,621,NA,280,NA,316,NA,141,NA,7,NA,148,NA,19.9,NA,0,NA
"552","19K171",1052,140,639,662,272,22,394,35,320,58,66,25,386,83,36.7,59.3,0,0
"553","19K174",312,53,639,631,78,19,105,19,117,13,12,2,129,15,41.3,28.3,0,0
"554","19K190",180,50,660,655,25,10,31,9,96,24,28,7,124,31,68.9,62,0,0
"555","19K202",671,141,644,648,137,20,217,50,260,65,57,6,317,71,47.2,50.4,0,0
"556","19K213",265,86,660,655,40,12,69,30,117,33,39,11,156,44,58.9,51.2,0,0
"557","19K214",458,171,665,654,69,30,99,56,202,62,88,23,290,85,63.3,49.7,0,0
"558","19K218",1098,1,641,NA,235,NA,391,NA,395,NA,77,NA,472,NA,43,NA,0,NA
"559","19K224",501,121,649,652,92,20,150,42,223,45,36,14,259,59,51.7,48.8,0,0
"560","19K260",267,58,665,667,14,4,74,16,136,25,43,13,179,38,67,65.5,0,0
"561","19K273",305,92,657,646,39,17,86,33,149,37,31,5,180,42,59,45.7,0,0
"562","19K290",286,87,681,679,7,4,34,12,163,45,82,26,245,71,85.7,81.6,0,0
"563","19K292",903,NA,630,NA,280,NA,345,NA,232,NA,46,NA,278,NA,30.8,NA,0,NA
"564","19K302",1238,NA,631,NA,339,NA,532,NA,338,NA,29,NA,367,NA,29.6,NA,0,NA
"565","19K306",350,87,650,643,64,27,106,26,153,28,27,6,180,34,51.4,39.1,0,0
"566","19K311",252,NA,646,NA,36,NA,103,NA,98,NA,15,NA,113,NA,44.8,NA,0,NA
"567","19K328",468,69,643,636,97,18,159,29,184,19,28,3,212,22,45.3,31.9,0,0
"568","19K345",369,135,675,675,22,6,64,35,202,59,81,35,283,94,76.7,69.6,0,0
"569","19K346",481,108,659,660,62,22,122,28,232,35,65,23,297,58,61.7,53.7,0,0
"570","19K364",383,NA,642,NA,71,NA,175,NA,125,NA,12,NA,137,NA,35.8,NA,0,NA
"571","19K409",138,NA,685,NA,0,NA,7,NA,89,NA,42,NA,131,NA,94.9,NA,0,NA
"572","20K030",352,NA,661,NA,33,NA,95,NA,161,NA,63,NA,224,NA,63.6,NA,0,NA
"573","20K048",297,112,697,694,6,3,19,10,128,46,144,53,272,99,91.6,88.4,0,0
"574","20K062",1233,NA,634,NA,288,NA,526,NA,398,NA,21,NA,419,NA,34,NA,0,NA
"575","20K069",269,74,694,696,6,1,19,7,129,30,115,36,244,66,90.7,89.2,0,0
"576","20K102",581,221,678,672,54,28,79,27,272,106,176,60,448,166,77.1,75.1,0,0
"577","20K104",870,146,673,672,48,7,178,34,444,67,200,38,644,105,74,71.9,0,0
"578","20K105",586,192,696,693,8,0,43,21,263,80,272,91,535,171,91.3,89.1,0,0
"579","20K112",239,84,696,698,5,2,18,6,115,36,101,40,216,76,90.4,90.5,0,0
"580","20K127",179,47,687,688,6,1,19,5,94,24,60,17,154,41,86,87.2,0,0
"581","20K160",363,121,687,683,10,4,37,17,182,56,134,44,316,100,87.1,82.6,0,0
"582","20K163",242,88,683,667,20,13,29,14,112,42,81,19,193,61,79.8,69.3,0,0
"583","20K164",252,79,670,659,32,17,43,15,115,32,62,15,177,47,70.2,59.5,0,0
"584","20K170",366,121,677,674,19,5,47,24,215,67,85,25,300,92,82,76,0,0
"585","20K176",577,186,686,681,40,16,75,30,232,71,230,69,462,140,80.1,75.3,0,0
"586","20K179",447,148,669,663,40,11,87,38,237,75,83,24,320,99,71.6,66.9,0,0
"587","20K180",244,90,683,662,28,17,27,17,100,33,89,23,189,56,77.5,62.2,0,0
"588","20K185",386,117,700,696,6,1,21,5,164,59,195,52,359,111,93,94.9,0,0
"589","20K186",406,138,681,680,27,6,58,22,182,65,139,45,321,110,79.1,79.7,0,0
"590","20K187",937,NA,696,NA,0,NA,8,NA,520,NA,409,NA,929,NA,99.1,NA,0,NA
"591","20K192",187,60,667,671,21,4,33,9,97,36,36,11,133,47,71.1,78.3,0,0
"592","20K200",540,162,692,687,18,9,55,18,234,68,233,67,467,135,86.5,83.3,0,0
"593","20K201",1765,NA,676,NA,106,NA,325,NA,781,NA,553,NA,1334,NA,75.6,NA,0,NA
"594","20K204",521,155,694,688,14,5,39,16,234,73,234,61,468,134,89.8,86.5,0,0
"595","20K205",402,119,686,673,11,5,61,31,183,47,147,36,330,83,82.1,69.7,0,0
"596","20K220",1359,NA,645,NA,230,NA,516,NA,500,NA,113,NA,613,NA,45.1,NA,0,NA
"597","20K223",746,NA,633,NA,187,NA,293,NA,241,NA,25,NA,266,NA,35.7,NA,0,NA
"598","20K227",1365,NA,650,NA,189,NA,437,NA,628,NA,111,NA,739,NA,54.1,NA,0,NA
"599","20K229",282,94,710,700,1,1,12,8,100,37,169,48,269,85,95.4,90.4,0,0
"600","20K247",298,104,690,688,4,0,17,8,167,61,110,35,277,96,93,92.3,0,0
"601","20K259",1319,NA,657,NA,157,NA,377,NA,584,NA,201,NA,785,NA,59.5,NA,0,NA
"602","21K090",244,87,669,660,15,5,46,19,146,59,37,4,183,63,75,72.4,0,0
"603","21K095",513,114,664,675,50,8,110,22,241,53,112,31,353,84,68.8,73.7,0,0
"604","21K096",1269,NA,642,NA,255,NA,446,NA,483,NA,85,NA,568,NA,44.8,NA,0,NA
"605","21K097",414,137,696,691,17,7,28,12,179,56,190,62,369,118,89.1,86.1,0,0
"606","21K098",1010,NA,683,NA,17,NA,120,NA,559,NA,314,NA,873,NA,86.4,NA,0,NA
"607","21K099",567,85,657,681,101,4,156,14,224,35,86,32,310,67,54.7,78.8,0,0
"608","21K100",318,110,684,681,15,6,32,14,168,57,103,33,271,90,85.2,81.8,0,0
"609","21K101",369,133,689,682,26,11,21,11,168,64,154,47,322,111,87.3,83.5,0,0
"610","21K121",185,32,660,686,18,0,61,7,87,15,19,10,106,25,57.3,78.1,0,0
"611","21K128",137,47,679,677,6,1,18,9,74,24,39,13,113,37,82.5,78.7,0,0
"612","21K153",279,84,689,688,9,2,21,4,147,48,102,30,249,78,89.2,92.9,0,0
"613","21K177",391,129,691,680,16,8,40,20,179,56,156,45,335,101,85.7,78.3,0,0
"614","21K188",346,104,658,646,51,20,85,38,157,38,53,8,210,46,60.7,44.2,0,0
"615","21K199",230,71,692,687,3,0,12,6,117,40,98,25,215,65,93.5,91.5,0,0
"616","21K209",409,63,670,681,27,5,95,6,186,30,101,22,287,52,70.2,82.5,0,0
"617","21K212",296,95,676,668,23,5,53,18,132,53,88,19,220,72,74.3,75.8,0,0
"618","21K215",351,128,693,688,15,6,34,20,152,45,150,57,302,102,86,79.7,0,0
"619","21K216",208,61,683,669,11,6,19,8,117,38,61,9,178,47,85.6,77,0,0
"620","21K225",640,96,663,684,78,6,158,15,294,41,110,34,404,75,63.1,78.1,0,0
"621","21K226",489,101,669,671,41,7,97,20,242,49,109,25,351,74,71.8,73.3,0,0
"622","21K228",1160,NA,655,NA,141,NA,316,NA,567,NA,136,NA,703,NA,60.6,NA,0,NA
"623","21K238",396,47,673,679,18,2,97,10,207,19,74,16,281,35,71,74.5,0,0
"624","21K239",1199,NA,696,NA,21,NA,58,NA,508,NA,612,NA,1120,NA,93.4,NA,0,NA
"625","21K253",256,70,667,670,35,7,48,15,120,31,53,17,173,48,67.6,68.6,0,0
"626","21K281",1349,NA,655,NA,181,NA,397,NA,575,NA,196,NA,771,NA,57.2,NA,0,NA
"627","21K288",392,84,643,636,71,21,145,35,162,27,14,1,176,28,44.9,33.3,0,0
"628","21K303",1027,NA,666,NA,75,NA,247,NA,507,NA,198,NA,705,NA,68.6,NA,0,NA
"629","21K329",338,109,660,654,35,12,101,39,159,48,43,10,202,58,59.8,53.2,0,0
"630","21K690",229,NA,655,NA,15,NA,86,NA,111,NA,17,NA,128,NA,55.9,NA,0,NA
"631","22K014",813,NA,639,NA,156,NA,312,NA,311,NA,34,NA,345,NA,42.4,NA,0,NA
"632","22K052",368,120,676,667,27,8,70,31,167,56,104,25,271,81,73.6,67.5,0,0
"633","22K078",1421,NA,640,NA,308,NA,517,NA,527,NA,69,NA,596,NA,41.9,NA,0,NA
"634","22K109",435,99,645,640,100,32,137,26,162,31,36,10,198,41,45.5,41.4,0,0
"635","22K119",398,154,678,668,15,10,64,38,228,77,91,29,319,106,80.2,68.8,0,0
"636","22K134",224,80,681,667,4,1,38,21,121,50,61,8,182,58,81.3,72.5,0,0
"637","22K139",532,180,659,652,60,18,128,59,277,93,67,10,344,103,64.7,57.2,0,0
"638","22K152",393,129,663,652,42,22,102,44,182,44,67,19,249,63,63.4,48.8,0,0
"639","22K193",427,153,682,668,35,18,47,27,205,73,140,35,345,108,80.8,70.6,0,0
"640","22K194",225,72,662,656,27,8,51,23,109,32,38,9,147,41,65.3,56.9,0,0
"641","22K195",198,71,703,698,1,1,9,4,81,29,107,37,188,66,94.9,93,0,0
"642","22K197",202,79,675,661,17,8,32,23,107,34,46,14,153,48,75.7,60.8,0,0
"643","22K198",372,140,658,642,45,24,112,61,185,51,30,4,215,55,57.8,39.3,0,0
"644","22K203",526,181,664,652,51,24,127,61,268,84,80,12,348,96,66.2,53,0,0
"645","22K206",709,132,686,690,18,7,76,14,350,56,265,55,615,111,86.7,84.1,0,0
"646","22K207",360,116,697,689,2,0,26,14,164,52,168,50,332,102,92.2,87.9,0,0
"647","22K217",565,185,682,683,27,6,71,24,295,90,172,65,467,155,82.7,83.8,0,0
"648","22K222",380,112,697,685,13,5,12,5,191,68,164,34,355,102,93.4,91.1,0,0
"649","22K234",1778,NA,674,NA,106,NA,296,NA,892,NA,484,NA,1376,NA,77.4,NA,0,NA
"650","22K236",290,92,694,683,7,1,26,12,131,44,126,35,257,79,88.6,85.9,0,0
"651","22K240",1777,NA,656,NA,231,NA,494,NA,807,NA,245,NA,1052,NA,59.2,NA,0,NA
"652","22K245",71,22,663,655,2,1,21,11,42,7,6,3,48,10,67.6,45.5,0,0
"653","22K251",325,105,667,667,22,7,67,24,178,53,58,21,236,74,72.6,70.5,0,0
"654","22K254",273,94,700,691,10,2,18,8,106,44,139,40,245,84,89.7,89.4,0,0
"655","22K255",348,131,687,679,18,8,43,22,153,58,134,43,287,101,82.5,77.1,0,0
"656","22K269",534,178,647,641,105,44,154,56,247,71,28,7,275,78,51.5,43.8,0,0
"657","22K277",188,57,708,714,1,0,2,1,67,22,118,34,185,56,98.4,98.2,0,0
"658","22K278",1191,NA,643,NA,200,NA,475,NA,449,NA,67,NA,516,NA,43.3,NA,0,NA
"659","22K312",403,128,692,683,19,8,20,4,201,81,163,35,364,116,90.3,90.6,0,0
"660","22K315",404,161,667,664,32,12,90,40,224,84,58,25,282,109,69.8,67.7,0,0
"661","22K381",415,NA,652,NA,56,NA,146,NA,161,NA,52,NA,213,NA,51.3,NA,0,NA
"662","22K555",49,NA,641,NA,3,NA,28,NA,16,NA,2,NA,18,NA,36.7,NA,0,NA
"663","23K041",657,102,646,638,110,22,245,50,251,27,51,3,302,30,46,29.4,0,0
"664","23K073",252,64,647,647,43,14,87,20,107,21,15,9,122,30,48.4,46.9,0,0
"665","23K137",254,74,666,665,20,6,61,22,133,30,40,16,173,46,68.1,62.2,0,0
"666","23K150",387,72,641,653,81,10,148,27,135,28,23,7,158,35,40.8,48.6,0,0
"667","23K155",392,81,645,636,75,22,125,31,168,25,24,3,192,28,49,34.6,0,0
"668","23K156",432,140,656,646,60,25,108,49,214,56,50,10,264,66,61.1,47.1,0,0
"669","23K165",311,70,654,644,45,15,85,25,150,24,31,6,181,30,58.2,42.9,0,0
"670","23K178",316,69,659,650,36,13,75,13,167,39,38,4,205,43,64.9,62.3,0,0
"671","23K184",415,82,634,627,119,34,142,24,135,20,19,4,154,24,37.1,29.3,0,0
"672","23K284",472,85,640,631,105,24,167,34,180,25,20,2,200,27,42.4,31.8,0,0
"673","23K298",429,70,648,647,80,11,132,29,179,25,38,5,217,30,50.6,42.9,0,0
"674","23K323",446,35,667,679,34,0,126,1,237,28,49,6,286,34,64.1,97.1,0,0
"675","23K327",392,114,665,653,50,17,101,35,163,52,78,10,241,62,61.5,54.4,0,0
"676","23K332",329,45,634,644,90,7,124,18,106,18,9,2,115,20,35,44.4,0,0
"677","23K392",282,14,693,712,0,0,4,0,188,5,90,9,278,14,98.6,100,0,0
"678","23K493",147,NA,661,NA,2,NA,43,NA,89,NA,13,NA,102,NA,69.4,NA,0,NA
"679","23K518",168,NA,649,NA,16,NA,54,NA,91,NA,7,NA,98,NA,58.3,NA,0,NA
"680","23K522",144,NA,658,NA,14,NA,30,NA,92,NA,8,NA,100,NA,69.4,NA,0,NA
"681","23K697",160,NA,650,NA,7,NA,70,NA,80,NA,3,NA,83,NA,51.9,NA,0,NA
"682","24Q005",1597,NA,653,NA,226,NA,484,NA,691,NA,196,NA,887,NA,55.5,NA,0,NA
"683","24Q007",255,NA,689,NA,12,NA,20,NA,128,NA,95,NA,223,NA,87.5,NA,0,NA
"684","24Q012",615,213,683,673,24,15,74,27,341,130,176,41,517,171,84.1,80.3,0,0
"685","24Q013",686,232,680,675,39,14,95,40,357,121,195,57,552,178,80.5,76.7,0,0
"686","24Q014",642,233,671,666,73,32,116,53,296,100,157,48,453,148,70.6,63.5,0,0
"687","24Q016",636,222,680,670,17,9,101,52,360,118,158,43,518,161,81.4,72.5,0,0
"688","24Q019",963,339,669,662,78,30,204,89,489,168,192,52,681,220,70.7,64.9,0,0
"689","24Q049",250,80,693,678,11,4,21,10,115,46,103,20,218,66,87.2,82.5,0,0
"690","24Q058",418,97,684,689,18,0,60,13,191,45,149,39,340,84,81.3,86.6,0,0
"691","24Q061",1854,NA,630,NA,537,NA,759,NA,499,NA,59,NA,558,NA,30.1,NA,0,NA
"692","24Q068",383,123,678,676,29,10,57,19,186,55,111,39,297,94,77.5,76.4,0,0
"693","24Q071",489,174,671,664,34,15,96,39,269,95,90,25,359,120,73.4,69,0,0
"694","24Q073",1758,NA,653,NA,204,NA,644,NA,722,NA,188,NA,910,NA,51.8,NA,0,NA
"695","24Q077",1250,NA,646,NA,198,NA,445,NA,516,NA,91,NA,607,NA,48.6,NA,0,NA
"696","24Q081",584,199,667,657,51,27,107,48,341,105,85,19,426,124,72.9,62.3,0,0
"697","24Q087",394,70,663,665,36,6,91,16,206,36,61,12,267,48,67.8,68.6,0,0
"698","24Q088",558,199,672,660,37,17,103,50,306,117,112,15,418,132,74.9,66.3,0,0
"699","24Q089",846,276,662,656,82,32,208,83,451,138,105,23,556,161,65.7,58.3,0,0
"700","24Q091",389,146,672,667,45,19,57,30,179,55,108,42,287,97,73.8,66.4,0,0
"701","24Q093",1419,NA,650,NA,181,NA,492,NA,630,NA,116,NA,746,NA,52.6,NA,0,NA
"702","24Q102",438,122,679,670,19,8,76,31,219,55,124,28,343,83,78.3,68,0,0
"703","24Q113",272,109,703,697,0,0,9,5,121,55,142,49,263,104,96.7,95.4,0,0
"704","24Q119",1117,NA,654,NA,141,NA,344,NA,488,NA,144,NA,632,NA,56.6,NA,0,NA
"705","24Q125",1577,186,654,655,201,28,500,53,672,81,204,24,876,105,55.5,56.5,0,0
"706","24Q128",178,55,705,698,1,0,4,1,65,24,108,30,173,54,97.2,98.2,0,0
"707","24Q143",600,206,666,656,69,21,122,67,284,92,125,26,409,118,68.2,57.3,0,0
"708","24Q153",720,180,670,666,78,16,143,56,314,70,185,38,499,108,69.3,60,0,0
"709","24Q199",376,NA,680,NA,15,NA,52,NA,210,NA,99,NA,309,NA,82.2,NA,0,NA
"710","24Q229",644,167,683,676,39,12,94,34,281,73,230,48,511,121,79.3,72.5,0,0
"711","24Q239",329,113,666,649,23,14,81,45,173,48,52,6,225,54,68.4,47.8,0,0
"712","24Q560",85,NA,657,NA,4,NA,33,NA,38,NA,10,NA,48,NA,56.5,NA,0,NA
"713","24Q877",582,300,676,674,29,19,112,56,310,159,131,66,441,225,75.8,75,0,0
"714","25Q020",701,176,690,685,17,5,61,18,355,93,268,60,623,153,88.9,86.9,0,0
"715","25Q021",596,142,681,676,22,4,89,28,309,80,176,30,485,110,81.4,77.5,0,0
"716","25Q022",433,121,689,681,5,4,42,13,239,71,147,33,386,104,89.1,86,0,0
"717","25Q024",395,105,691,687,11,2,31,12,203,57,150,34,353,91,89.4,86.7,0,0
"718","25Q025",929,NA,670,NA,49,NA,194,NA,484,NA,202,NA,686,NA,73.8,NA,0,NA
"719","25Q029",330,85,684,671,5,2,37,19,197,51,91,13,288,64,87.3,75.3,0,0
"720","25Q032",422,130,689,681,10,6,38,15,216,69,158,40,374,109,88.6,83.8,0,0
"721","25Q079",566,133,688,689,16,1,52,12,296,75,202,45,498,120,88,90.2,0,0
"722","25Q107",580,138,690,678,24,6,39,14,286,80,231,38,517,118,89.1,85.5,0,0
"723","25Q120",554,139,683,671,34,14,76,24,260,74,184,27,444,101,80.1,72.7,0,0
"724","25Q129",406,93,684,686,12,4,56,9,211,54,127,26,338,80,83.3,86,0,0
"725","25Q130",48,NA,718,NA,0,NA,0,NA,13,NA,35,NA,48,NA,100,NA,0,NA
"726","25Q154",335,69,685,675,5,2,38,12,183,39,109,16,292,55,87.2,79.7,0,0
"727","25Q163",292,76,690,694,17,5,31,6,122,28,122,37,244,65,83.6,85.5,0,0
"728","25Q164",328,63,675,667,18,5,58,14,173,34,79,10,252,44,76.8,69.8,0,0
"729","25Q165",421,103,683,683,31,2,62,19,169,49,159,33,328,82,77.9,79.6,0,0
"730","25Q169",264,74,692,692,15,5,25,6,113,27,111,36,224,63,84.8,85.1,0,0
"731","25Q184",306,88,691,677,9,4,30,11,137,47,130,26,267,73,87.3,83,0,0
"732","25Q185",712,NA,667,NA,49,NA,171,NA,342,NA,150,NA,492,NA,69.1,NA,0,NA
"733","25Q189",706,NA,659,NA,75,NA,182,NA,333,NA,116,NA,449,NA,63.6,NA,0,NA
"734","25Q193",325,75,684,676,10,2,31,8,180,48,104,17,284,65,87.4,86.7,0,0
"735","25Q194",777,NA,666,NA,35,NA,237,NA,362,NA,143,NA,505,NA,65,NA,0,NA
"736","25Q200",216,50,678,671,13,1,37,14,101,24,65,11,166,35,76.9,70,0,0
"737","25Q201",165,35,658,649,24,8,42,10,79,12,20,5,99,17,60,48.6,0,0
"738","25Q209",379,88,710,717,3,0,9,2,142,28,225,58,367,86,96.8,97.7,0,0
"739","25Q214",243,60,685,676,5,2,25,10,141,35,72,13,213,48,87.7,80,0,0
"740","25Q219",346,83,672,667,36,14,64,9,168,42,78,18,246,60,71.1,72.3,0,0
"741","25Q237",846,NA,658,NA,106,NA,251,NA,343,NA,146,NA,489,NA,57.8,NA,0,NA
"742","25Q242",66,NA,697,NA,1,NA,3,NA,30,NA,32,NA,62,NA,93.9,NA,0,NA
"743","25Q250",154,29,669,665,5,0,27,6,101,21,21,2,122,23,79.2,79.3,0,0
"744","25Q252",82,NA,681,NA,0,NA,11,NA,49,NA,22,NA,71,NA,86.6,NA,0,NA
"745","25Q499",190,47,692,693,4,0,21,3,98,28,67,16,165,44,86.8,93.6,0,0
"746","26Q018",228,79,705,704,2,0,9,5,96,31,121,43,217,74,95.2,93.7,0,0
"747","26Q026",278,92,691,682,4,2,23,11,151,58,100,21,251,79,90.3,85.9,0,0
"748","26Q031",326,114,687,682,7,1,40,23,162,47,117,43,279,90,85.6,78.9,0,0
"749","26Q041",195,67,701,701,3,1,7,4,88,32,97,30,185,62,94.9,92.5,0,0
"750","26Q046",245,91,706,707,3,0,12,3,98,41,132,47,230,88,93.9,96.7,0,0
"751","26Q067",986,NA,687,NA,24,NA,136,NA,450,NA,376,NA,826,NA,83.8,NA,0,NA
"752","26Q074",1055,NA,682,NA,35,NA,161,NA,485,NA,374,NA,859,NA,81.4,NA,0,NA
"753","26Q094",211,80,714,720,0,0,1,0,69,23,141,57,210,80,99.5,100,0,0
"754","26Q098",158,48,713,710,0,0,1,1,55,16,102,31,157,47,99.4,97.9,0,0
"755","26Q115",235,96,696,694,7,3,15,7,107,44,106,42,213,86,90.6,89.6,0,0
"756","26Q133",228,66,691,689,9,0,14,8,113,34,92,24,205,58,89.9,87.9,0,0
"757","26Q158",1155,NA,673,NA,80,NA,222,NA,545,NA,308,NA,853,NA,73.9,NA,0,NA
"758","26Q159",347,86,696,698,2,0,21,1,172,45,152,40,324,85,93.4,98.8,0,0
"759","26Q162",361,115,707,703,1,0,6,3,151,53,203,59,354,112,98.1,97.4,0,0
"760","26Q172",1119,NA,674,NA,44,NA,177,NA,638,NA,260,NA,898,NA,80.3,NA,0,NA
"761","26Q173",381,127,708,702,6,1,11,7,137,53,227,66,364,119,95.5,93.7,0,0
"762","26Q178",185,59,688,695,11,2,17,4,87,24,70,29,157,53,84.9,89.8,0,0
"763","26Q186",168,64,699,685,2,0,15,9,79,36,72,19,151,55,89.9,85.9,0,0
"764","26Q188",245,80,723,726,1,0,0,0,70,22,174,58,244,80,99.6,100,0,0
"765","26Q191",181,52,703,708,0,0,5,1,85,18,91,33,176,51,97.2,98.1,0,0
"766","26Q203",360,125,720,711,5,2,15,6,92,42,248,75,340,117,94.4,93.6,0,0
"767","26Q205",137,52,711,703,1,1,2,1,47,25,87,25,134,50,97.8,96.2,0,0
"768","26Q213",204,80,703,695,7,5,9,7,84,27,104,41,188,68,92.2,85,0,0
"769","26Q216",1359,NA,678,NA,61,NA,231,NA,653,NA,414,NA,1067,NA,78.5,NA,0,NA
"770","26Q221",337,115,709,697,0,0,8,4,140,65,189,46,329,111,97.6,96.5,0,0
"771","26Q266",469,84,691,698,6,1,33,7,244,37,186,39,430,76,91.7,90.5,0,0
"772","27Q042",582,119,644,646,111,25,225,46,213,39,33,9,246,48,42.3,40.3,0,0
"773","27Q043",831,172,654,657,95,21,260,47,385,86,91,18,476,104,57.3,60.5,0,0
"774","27Q045",265,69,657,653,39,11,66,23,132,28,28,7,160,35,60.4,50.7,0,0
"775","27Q047",148,29,680,682,3,0,22,5,84,17,39,7,123,24,83.1,82.8,0,0
"776","27Q053",868,NA,629,NA,301,NA,356,NA,195,NA,16,NA,211,NA,24.3,NA,0,NA
"777","27Q056",342,108,682,680,22,5,56,25,153,44,111,34,264,78,77.2,72.2,0,0
"778","27Q060",624,193,685,680,31,9,65,32,328,92,200,60,528,152,84.6,78.8,0,0
"779","27Q062",478,147,687,688,16,5,46,17,246,71,170,54,416,125,87,85,0,0
"780","27Q063",640,224,686,684,32,14,75,35,292,85,241,90,533,175,83.3,78.1,0,0
"781","27Q064",353,126,693,693,5,4,38,18,169,49,141,55,310,104,87.8,82.5,0,0
"782","27Q065",262,90,677,670,13,5,38,17,158,54,53,14,211,68,80.5,75.6,0,0
"783","27Q066",247,87,693,681,5,3,18,10,127,50,97,24,224,74,90.7,85.1,0,0
"784","27Q090",445,166,685,677,14,5,42,27,248,91,141,43,389,134,87.4,80.7,0,0
"785","27Q096",125,37,673,676,7,2,23,9,66,14,29,12,95,26,76,70.3,0,0
"786","27Q097",324,112,682,674,12,3,50,24,170,60,92,25,262,85,80.9,75.9,0,0
"787","27Q100",559,196,683,678,22,8,64,31,295,99,178,58,473,157,84.6,80.1,0,0
"788","27Q104",353,82,660,654,38,12,94,24,165,36,56,10,221,46,62.6,56.1,0,0
"789","27Q105",453,85,650,652,63,14,131,22,229,41,30,8,259,49,57.2,57.6,0,0
"790","27Q106",226,89,683,675,13,10,31,11,105,39,77,29,182,68,80.5,76.4,0,0
"791","27Q108",612,218,688,691,13,4,61,19,327,108,211,87,538,195,87.9,89.4,0,0
"792","27Q114",391,96,680,698,11,1,27,5,193,43,160,47,353,90,90.3,93.8,0,0
"793","27Q123",305,109,659,650,35,13,85,38,146,51,39,7,185,58,60.7,53.2,0,0
"794","27Q124",544,118,681,681,4,2,73,16,319,68,148,32,467,100,85.8,84.7,0,0
"795","27Q137",1922,NA,654,NA,255,NA,601,NA,791,NA,275,NA,1066,NA,55.5,NA,0,NA
"796","27Q146",210,83,680,677,14,7,32,15,99,35,65,26,164,61,78.1,73.5,0,0
"797","27Q155",313,96,669,661,25,4,52,25,175,56,61,11,236,67,75.4,69.8,0,0
"798","27Q183",343,70,648,658,80,11,89,11,134,36,40,12,174,48,50.7,68.6,0,0
"799","27Q197",372,108,646,634,88,33,91,35,166,37,27,3,193,40,51.9,37,0,0
"800","27Q202",1221,NA,655,NA,151,NA,389,NA,502,NA,179,NA,681,NA,55.8,NA,0,NA
"801","27Q207",531,90,681,688,41,8,85,7,209,35,196,40,405,75,76.3,83.3,0,0
"802","27Q210",2206,NA,654,NA,309,NA,691,NA,892,NA,314,NA,1206,NA,54.7,NA,0,NA
"803","27Q215",307,100,661,652,23,8,91,38,158,47,35,7,193,54,62.9,54,0,0
"804","27Q223",353,110,665,663,47,11,74,33,165,44,67,22,232,66,65.7,60,0,0
"805","27Q225",414,85,648,651,78,13,133,26,163,34,40,12,203,46,49,54.1,0,0
"806","27Q226",1837,NA,640,NA,382,NA,730,NA,604,NA,121,NA,725,NA,39.5,NA,0,NA
"807","27Q232",342,133,686,676,24,10,30,17,165,66,123,40,288,106,84.2,79.7,0,0
"808","27Q253",37,NA,676,NA,0,NA,7,NA,24,NA,6,NA,30,NA,81.1,NA,0,NA
"809","27Q254",45,NA,686,NA,2,NA,6,NA,22,NA,15,NA,37,NA,82.2,NA,0,NA
"810","27Q262",286,NA,663,NA,9,NA,82,NA,166,NA,29,NA,195,NA,68.2,NA,0,NA
"811","27Q323",293,NA,690,NA,0,NA,13,NA,166,NA,114,NA,280,NA,95.6,NA,0,NA
"812","28Q008",1004,NA,633,NA,211,NA,469,NA,299,NA,25,NA,324,NA,32.3,NA,0,NA
"813","28Q030",296,112,656,643,56,26,73,33,132,47,35,6,167,53,56.4,47.3,0,0
"814","28Q040",304,78,644,635,70,23,104,27,108,25,22,3,130,28,42.8,35.9,0,0
"815","28Q048",182,57,671,665,10,3,32,10,111,36,29,8,140,44,76.9,77.2,0,0
"816","28Q050",457,117,664,654,42,18,109,34,232,53,74,12,306,65,67,55.6,0,0
"817","28Q054",289,103,664,658,41,16,50,18,143,53,55,16,198,69,68.5,67,0,0
"818","28Q055",412,118,663,663,57,16,67,16,217,70,71,16,288,86,69.9,72.9,0,0
"819","28Q072",860,NA,643,NA,147,NA,321,NA,337,NA,55,NA,392,NA,45.6,NA,0,NA
"820","28Q080",325,115,654,646,54,25,82,25,154,61,35,4,189,65,58.2,56.5,0,0
"821","28Q082",251,86,679,679,10,0,27,14,152,52,62,20,214,72,85.3,83.7,0,0
"822","28Q086",939,245,670,662,47,19,170,58,574,133,148,35,722,168,76.9,68.6,0,0
"823","28Q099",462,116,684,677,23,2,58,22,226,61,155,31,381,92,82.5,79.3,0,0
"824","28Q101",304,74,698,701,9,3,21,4,119,26,155,41,274,67,90.1,90.5,0,0
"825","28Q117",600,134,686,690,14,2,67,16,316,58,203,58,519,116,86.5,86.6,0,0
"826","28Q121",654,174,678,678,22,9,79,12,407,120,146,33,553,153,84.6,87.9,0,0
"827","28Q139",483,114,688,685,19,7,38,9,249,61,177,37,426,98,88.2,86,0,0
"828","28Q140",428,130,658,654,43,17,142,39,196,61,47,13,243,74,56.8,56.9,0,0
"829","28Q144",369,93,696,702,19,4,26,2,153,37,171,50,324,87,87.8,93.5,0,0
"830","28Q157",960,NA,665,NA,107,NA,195,NA,430,NA,228,NA,658,NA,68.5,NA,0,NA
"831","28Q160",437,112,668,658,22,11,98,34,248,55,69,12,317,67,72.5,59.8,0,0
"832","28Q161",476,112,672,660,15,4,91,42,276,55,94,11,370,66,77.7,58.9,0,0
"833","28Q174",333,84,684,675,29,14,35,5,149,40,120,25,269,65,80.8,77.4,0,0
"834","28Q175",291,109,684,677,19,11,34,11,137,51,101,36,238,87,81.8,79.8,0,0
"835","28Q190",849,NA,668,NA,56,NA,202,NA,374,NA,217,NA,591,NA,69.6,NA,0,NA
"836","28Q196",273,82,717,727,7,0,7,1,76,23,183,58,259,81,94.9,98.8,0,0
"837","28Q206",296,106,678,673,23,12,35,15,151,47,87,32,238,79,80.4,74.5,0,0
"838","28Q217",1233,NA,650,NA,164,NA,409,NA,556,NA,104,NA,660,NA,53.5,NA,0,NA
"839","28Q220",194,57,685,683,5,1,22,6,97,32,70,18,167,50,86.1,87.7,0,0
"840","28Q680",177,NA,682,NA,1,NA,13,NA,111,NA,52,NA,163,NA,92.1,NA,0,NA
"841","29Q015",223,70,664,658,16,8,53,16,126,39,28,7,154,46,69.1,65.7,0,0
"842","29Q033",621,200,673,663,43,25,114,49,323,92,141,34,464,126,74.7,63,0,0
"843","29Q034",325,113,661,652,42,18,73,24,156,64,54,7,210,71,64.6,62.8,0,0
"844","29Q035",354,113,668,664,35,14,72,23,178,60,69,16,247,76,69.8,67.3,0,0
"845","29Q036",240,78,670,665,11,5,48,16,139,47,42,10,181,57,75.4,73.1,0,0
"846","29Q037",328,98,645,632,72,29,102,37,132,30,22,2,154,32,47,32.7,0,0
"847","29Q038",263,68,666,664,25,4,51,17,139,33,48,14,187,47,71.1,69.1,0,0
"848","29Q052",316,85,654,649,39,11,100,29,153,41,24,4,177,45,56,52.9,0,0
"849","29Q059",1094,NA,635,NA,259,NA,463,NA,344,NA,28,NA,372,NA,34,NA,0,NA
"850","29Q095",677,240,674,665,50,18,110,46,353,140,164,36,517,176,76.4,73.3,0,0
"851","29Q109",1508,NA,647,NA,236,NA,541,NA,636,NA,95,NA,731,NA,48.5,NA,0,NA
"852","29Q116",437,98,644,634,75,25,172,47,175,26,15,0,190,26,43.5,26.5,0,0
"853","29Q118",372,123,666,663,31,15,81,32,194,49,66,27,260,76,69.9,61.8,0,0
"854","29Q131",324,98,688,674,15,6,34,13,148,55,127,24,275,79,84.9,80.6,0,0
"855","29Q132",201,70,665,660,5,2,54,23,123,40,19,5,142,45,70.6,64.3,0,0
"856","29Q134",210,78,659,643,18,13,63,31,106,33,23,1,129,34,61.4,43.6,0,0
"857","29Q135",617,212,672,662,33,12,116,53,349,124,119,23,468,147,75.9,69.3,0,0
"858","29Q136",347,119,653,644,46,27,112,44,163,42,26,6,189,48,54.5,40.3,0,0
"859","29Q138",582,113,650,645,82,24,169,30,295,52,36,7,331,59,56.9,52.2,0,0
"860","29Q147",470,130,648,646,88,26,156,49,194,44,32,11,226,55,48.1,42.3,0,0
"861","29Q156",516,113,651,647,75,17,158,39,233,52,50,5,283,57,54.8,50.4,0,0
"862","29Q176",339,133,666,666,30,11,75,28,181,67,53,27,234,94,69,70.7,0,0
"863","29Q181",325,77,648,637,59,21,94,31,148,23,24,2,172,25,52.9,32.5,0,0
"864","29Q192",774,NA,627,NA,248,NA,344,NA,164,NA,18,NA,182,NA,23.5,NA,0,NA
"865","29Q195",431,116,656,653,68,24,98,23,208,52,57,17,265,69,61.5,59.5,0,0
"866","29Q208",549,82,671,675,32,0,111,13,285,52,121,17,406,69,74,84.1,0,0
"867","29Q231",1189,NA,634,NA,269,NA,552,NA,359,NA,9,NA,368,NA,31,NA,0,NA
"868","29Q238",1517,NA,645,NA,254,NA,570,NA,570,NA,123,NA,693,NA,45.7,NA,0,NA
"869","29Q251",91,NA,672,NA,4,NA,10,NA,62,NA,15,NA,77,NA,84.6,NA,0,NA
"870","29Q259",76,NA,655,NA,7,NA,31,NA,33,NA,5,NA,38,NA,50,NA,0,NA
"871","29Q268",266,68,663,652,20,9,70,22,140,30,36,7,176,37,66.2,54.4,0,0
"872","29Q270",322,84,666,658,9,6,72,23,211,50,30,5,241,55,74.8,65.5,0,0
"873","30Q002",305,103,686,676,9,4,37,17,160,55,99,27,259,82,84.9,79.6,0,0
"874","30Q010",884,NA,645,NA,133,NA,336,NA,367,NA,48,NA,415,NA,46.9,NA,0,NA
"875","30Q011",666,168,687,690,30,6,76,14,326,78,234,70,560,148,84.1,88.1,0,0
"876","30Q017",334,101,661,661,39,11,79,27,175,50,41,13,216,63,64.7,62.4,0,0
"877","30Q069",630,212,691,678,10,3,64,39,299,104,257,66,556,170,88.3,80.2,0,0
"878","30Q070",523,167,679,659,23,16,85,54,269,71,146,26,415,97,79.3,58.1,0,0
"879","30Q076",267,89,664,654,35,11,60,27,122,39,50,12,172,51,64.4,57.3,0,0
"880","30Q078",98,32,670,663,3,0,22,9,53,20,20,3,73,23,74.5,71.9,0,0
"881","30Q084",169,56,671,660,17,7,20,8,98,33,34,8,132,41,78.1,73.2,0,0
"882","30Q085",193,64,676,664,24,12,17,8,98,31,54,13,152,44,78.8,68.8,0,0
"883","30Q092",381,128,663,659,38,11,84,35,209,66,50,16,259,82,68,64.1,0,0
"884","30Q111",222,89,647,649,62,23,62,28,62,19,36,19,98,38,44.1,42.7,0,0
"885","30Q112",291,108,663,660,30,13,67,28,148,50,46,17,194,67,66.7,62,0,0
"886","30Q122",747,167,702,691,17,6,53,23,289,69,388,69,677,138,90.6,82.6,0,0
"887","30Q126",791,NA,635,NA,192,NA,328,NA,242,NA,29,NA,271,NA,34.3,NA,0,NA
"888","30Q127",465,104,666,657,43,11,97,26,244,58,81,9,325,67,69.9,64.4,0,0
"889","30Q141",1117,NA,655,NA,131,NA,312,NA,540,NA,134,NA,674,NA,60.3,NA,0,NA
"890","30Q145",1962,NA,643,NA,333,NA,803,NA,714,NA,112,NA,826,NA,42.1,NA,0,NA
"891","30Q148",546,176,672,665,35,11,79,39,344,108,88,18,432,126,79.1,71.6,0,0
"892","30Q149",588,215,664,648,51,26,148,89,308,91,81,9,389,100,66.2,46.5,0,0
"893","30Q150",640,184,681,677,35,14,81,29,317,84,207,57,524,141,81.9,76.6,0,0
"894","30Q151",339,111,649,639,72,28,90,41,142,33,35,9,177,42,52.2,37.8,0,0
"895","30Q152",578,160,683,679,24,1,77,30,303,89,174,40,477,129,82.5,80.6,0,0
"896","30Q166",520,170,680,672,26,9,71,40,272,79,151,42,423,121,81.3,71.2,0,0
"897","30Q171",344,118,658,649,45,17,95,48,162,41,42,12,204,53,59.3,44.9,0,0
"898","30Q204",973,NA,633,NA,275,NA,358,NA,301,NA,39,NA,340,NA,34.9,NA,0,NA
"899","30Q212",378,116,677,668,19,9,50,21,212,67,97,19,309,86,81.7,74.1,0,0
"900","30Q227",1474,142,675,700,103,0,266,4,779,68,326,70,1105,138,75,97.2,0,0
"901","30Q230",1026,NA,659,NA,109,NA,285,NA,489,NA,143,NA,632,NA,61.6,NA,0,NA
"902","30Q234",293,82,682,682,15,5,29,5,165,50,84,22,249,72,85,87.8,0,0
"903","30Q235",222,NA,614,NA,95,NA,73,NA,50,NA,4,NA,54,NA,24.3,NA,0,NA
"904","30Q580",171,NA,684,NA,1,NA,7,NA,122,NA,41,NA,163,NA,95.3,NA,0,NA
"905","31R001",254,84,685,679,2,2,23,11,159,51,70,20,229,71,90.2,84.5,0,0
"906","31R002",948,NA,648,NA,143,NA,333,NA,390,NA,82,NA,472,NA,49.8,NA,0,NA
"907","31R003",335,102,698,689,10,7,10,2,150,47,165,46,315,93,94,91.2,0,0
"908","31R004",365,121,687,690,16,2,26,8,193,66,130,45,323,111,88.5,91.7,0,0
"909","31R005",115,40,693,668,1,1,11,8,55,27,48,4,103,31,89.6,77.5,0,0
"910","31R006",440,136,686,682,16,6,56,23,202,56,166,51,368,107,83.6,78.7,0,0
"911","31R007",1259,NA,665,NA,82,NA,268,NA,704,NA,205,NA,909,NA,72.2,NA,0,NA
"912","31R008",264,92,689,672,27,14,18,9,99,42,120,27,219,69,83,75,0,0
"913","31R011",140,54,657,655,18,8,40,14,67,26,15,6,82,32,58.6,59.3,0,0
"914","31R013",373,126,671,665,23,8,69,30,209,73,72,15,281,88,75.3,69.8,0,0
"915","31R014",228,76,651,640,33,15,74,33,107,26,14,2,121,28,53.1,36.8,0,0
"916","31R016",458,138,654,653,78,21,114,37,217,66,49,14,266,80,58.1,58,0,0
"917","31R018",238,68,641,638,67,22,65,20,86,21,20,5,106,26,44.5,38.2,0,0
"918","31R019",261,78,676,679,12,0,50,13,138,49,61,16,199,65,76.2,83.3,0,0
"919","31R020",191,61,655,649,12,5,69,26,101,28,9,2,110,30,57.6,49.2,0,0
"920","31R021",217,77,666,663,20,8,40,17,130,44,27,8,157,52,72.4,67.5,0,0
"921","31R022",614,214,669,665,34,10,129,59,352,116,99,29,451,145,73.5,67.8,0,0
"922","31R023",267,92,690,681,18,10,20,9,116,44,113,29,229,73,85.8,79.3,0,0
"923","31R024",1561,NA,661,NA,108,NA,402,NA,843,NA,208,NA,1051,NA,67.3,NA,0,NA
"924","31R026",94,32,657,656,18,5,20,10,43,11,13,6,56,17,59.6,53.1,0,0
"925","31R027",964,NA,636,NA,252,NA,365,NA,289,NA,58,NA,347,NA,36,NA,0,NA
"926","31R029",254,86,692,685,9,6,17,9,131,41,97,30,228,71,89.8,82.6,0,0
"927","31R030",395,124,701,708,12,7,17,4,166,39,200,74,366,113,92.7,91.1,0,0
"928","31R031",170,57,659,642,19,10,46,22,92,24,13,1,105,25,61.8,43.9,0,0
"929","31R032",469,162,687,676,17,7,40,24,254,92,158,39,412,131,87.8,80.9,0,0
"930","31R034",1137,NA,662,NA,54,NA,315,NA,627,NA,141,NA,768,NA,67.5,NA,0,NA
"931","31R035",173,56,709,695,1,1,3,3,67,26,102,26,169,52,97.7,92.9,0,0
"932","31R036",473,146,688,682,21,5,37,19,242,84,173,38,415,122,87.7,83.6,0,0
"933","31R038",195,64,673,663,11,1,42,22,98,33,44,8,142,41,72.8,64.1,0,0
"934","31R039",220,70,688,681,8,2,18,11,116,38,78,19,194,57,88.2,81.4,0,0
"935","31R041",306,108,681,678,8,3,34,12,177,60,87,33,264,93,86.3,86.1,0,0
"936","31R042",454,180,686,675,18,9,57,35,215,88,164,48,379,136,83.5,75.6,0,0
"937","31R044",373,120,646,640,81,28,121,42,147,47,24,3,171,50,45.8,41.7,0,0
"938","31R045",461,141,676,666,19,9,70,34,272,76,100,22,372,98,80.7,69.5,0,0
"939","31R046",163,56,677,663,7,4,25,14,89,28,42,10,131,38,80.4,67.9,0,0
"940","31R048",151,64,696,696,0,0,10,3,75,32,66,29,141,61,93.4,95.3,0,0
"941","31R049",1069,NA,631,NA,303,NA,440,NA,272,NA,54,NA,326,NA,30.5,NA,0,NA
"942","31R050",338,133,676,670,40,15,46,22,152,66,100,30,252,96,74.6,72.2,0,0
"943","31R051",1228,NA,641,NA,248,NA,464,NA,447,NA,69,NA,516,NA,42,NA,0,NA
"944","31R052",272,106,679,671,22,11,27,17,141,51,82,27,223,78,82,73.6,0,0
"945","31R053",333,109,699,689,2,0,21,14,148,49,162,46,310,95,93.1,87.2,0,0
"946","31R054",396,122,688,683,10,6,30,10,220,68,136,38,356,106,89.9,86.9,0,0
"947","31R055",318,105,693,689,7,1,21,10,157,55,133,39,290,94,91.2,89.5,0,0
"948","31R056",355,123,694,680,8,4,14,6,192,80,141,33,333,113,93.8,91.9,0,0
"949","31R057",290,113,654,654,48,17,64,32,147,51,31,13,178,64,61.4,56.6,0,0
"950","31R058",364,122,689,679,12,4,31,13,190,70,131,35,321,105,88.2,86.1,0,0
"951","31R060",494,150,673,668,36,10,98,39,234,68,126,33,360,101,72.9,67.3,0,0
"952","31R061",1243,NA,641,NA,306,NA,418,NA,412,NA,107,NA,519,NA,41.8,NA,0,NA
"953","31R069",379,135,684,682,16,4,34,15,217,78,112,38,329,116,86.8,85.9,0,0
"954","31R072",1781,NA,654,NA,219,NA,588,NA,751,NA,223,NA,974,NA,54.7,NA,0,NA
"955","31R075",1481,NA,664,NA,78,NA,393,NA,776,NA,234,NA,1010,NA,68.2,NA,0,NA
"956","31R080",560,92,668,661,27,8,137,23,305,51,91,10,396,61,70.7,66.3,0,0
"957","32K045",404,129,653,641,65,29,126,48,173,47,40,5,213,52,52.7,40.3,0,0
"958","32K075",321,102,652,647,50,15,92,34,162,49,17,4,179,53,55.8,52,0,0
"959","32K086",249,77,656,646,34,15,68,24,125,34,22,4,147,38,59,49.4,0,0
"960","32K106",323,108,657,636,53,33,73,30,153,38,44,7,197,45,61,41.7,0,0
"961","32K116",244,96,662,658,16,4,56,26,150,63,22,3,172,66,70.5,68.8,0,0
"962","32K123",537,162,665,654,50,21,105,47,303,82,79,12,382,94,71.1,58,0,0
"963","32K145",528,163,663,658,52,12,145,58,253,79,78,14,331,93,62.7,57.1,0,0
"964","32K151",256,77,665,662,21,5,62,21,131,37,42,14,173,51,67.6,66.2,0,0
"965","32K162",774,NA,633,NA,191,NA,319,NA,248,NA,16,NA,264,NA,34.1,NA,0,NA
"966","32K274",432,128,656,647,53,19,112,50,213,48,54,11,267,59,61.8,46.1,0,0
"967","32K291",982,NA,617,NA,401,NA,429,NA,150,NA,2,NA,152,NA,15.5,NA,0,NA
"968","32K296",925,NA,627,NA,302,NA,374,NA,229,NA,20,NA,249,NA,26.9,NA,0,NA
"969","32K299",282,92,642,621,66,41,98,36,102,14,16,1,118,15,41.8,16.3,0,0
"970","32K347",561,NA,626,NA,179,NA,236,NA,134,NA,12,NA,146,NA,26,NA,0,NA
"971","32K349",545,NA,624,NA,183,NA,240,NA,114,NA,8,NA,122,NA,22.4,NA,0,NA
"972","32K376",263,83,662,649,34,15,62,24,121,35,46,9,167,44,63.5,53,0,0
"973","32K377",383,110,656,651,58,15,91,30,190,58,44,7,234,65,61.1,59.1,0,0
"974","32K383",1107,105,671,681,42,0,209,8,687,71,169,26,856,97,77.3,92.4,0,0
"975","32K384",267,89,646,634,60,26,82,32,102,29,23,2,125,31,46.8,34.8,0,0
"976","32K554",138,NA,647,NA,15,NA,55,NA,62,NA,6,NA,68,NA,49.3,NA,0,NA
"977","75K004",66,25,608,599,44,19,13,5,8,1,1,0,9,1,13.6,4,0,0
"978","75K036",179,21,610,598,102,15,55,4,20,2,2,0,22,2,12.3,9.5,0,0
"979","75K053",85,9,601,606,54,8,21,0,10,1,0,0,10,1,11.8,11.1,0,0
"980","75K140",196,24,586,574,160,22,29,2,6,0,1,0,7,0,3.6,0,0,0
"981","75K141",123,NA,578,NA,101,NA,18,NA,4,NA,0,NA,4,NA,3.3,NA,0,NA
"982","75K231",143,63,589,595,103,46,29,16,11,1,0,0,11,1,7.7,1.6,0,0
"983","75K368",222,32,589,590,165,26,44,6,12,0,1,0,13,0,5.9,0,0,0
"984","75K369",264,39,592,584,192,34,59,5,12,0,1,0,13,0,4.9,0,0,0
"985","75K370",35,7,608,607,16,4,17,3,2,0,0,0,2,0,5.7,0,0,0
"986","75K372",247,91,680,673,23,12,26,8,118,43,80,28,198,71,80.2,78,0,0
"987","75K396",38,10,612,608,22,7,9,2,7,1,0,0,7,1,18.4,10,0,0
"988","75K771",114,22,597,587,74,16,28,4,11,1,1,1,12,2,10.5,9.1,0,0
"989","75K811",6,NA,NA,NA,4,NA,0,NA,2,NA,0,NA,2,NA,33.3,NA,0,NA
"990","75M035",8,NA,596,NA,6,NA,2,NA,0,NA,0,NA,0,NA,0,NA,0,NA
"991","75M079",7,NA,NA,NA,2,NA,3,NA,2,NA,0,NA,2,NA,28.6,NA,0,NA
"992","75M094",135,28,600,599,88,21,34,5,13,2,0,0,13,2,9.6,7.1,0,0
"993","75M138",53,1,626,NA,22,NA,15,NA,14,NA,2,NA,16,NA,30.2,NA,0,NA
"994","75M169",185,24,603,596,116,15,51,8,17,1,1,0,18,1,9.7,4.2,0,0
"995","75M226",7,1,NA,NA,5,NA,1,NA,1,NA,0,NA,1,NA,14.3,NA,0,NA
"996","75M811",169,32,595,602,113,23,39,5,16,4,1,0,17,4,10.1,12.5,0,0
"997","75Q004",130,34,616,605,66,21,39,13,24,0,1,0,25,0,19.2,0,0,0
"998","75Q009",232,43,613,608,121,27,83,14,25,2,3,0,28,2,12.1,4.7,0,0
"999","75Q023",180,17,602,605,115,10,41,6,22,1,2,0,24,1,13.3,5.9,0,0
"1000","75Q075",146,25,603,605,83,17,44,7,18,1,1,0,19,1,13,4,0,0
"1001","75Q177",18,1,553,NA,18,NA,0,NA,0,NA,0,NA,0,NA,0,NA,0,NA
"1002","75Q224",119,29,609,602,72,22,26,2,19,5,2,0,21,5,17.6,17.2,0,0
"1003","75Q233",9,2,NA,NA,3,NA,2,NA,4,NA,0,NA,4,NA,44.4,NA,0,NA
"1004","75Q255",11,3,NA,NA,1,NA,1,NA,8,NA,1,NA,9,NA,81.8,NA,0,NA
"1005","75Q256",191,24,602,604,128,16,43,5,19,2,1,1,20,3,10.5,12.5,0,0
"1006","75Q752",42,NA,578,NA,33,NA,8,NA,1,NA,0,NA,1,NA,2.4,NA,0,NA
"1007","75Q811",18,3,NA,NA,5,NA,6,NA,5,NA,2,NA,7,NA,38.9,NA,0,NA
"1008","75Q993",27,5,600,NA,16,NA,7,NA,4,NA,0,NA,4,NA,14.8,NA,0,NA
"1009","75R025",170,18,615,618,85,8,55,7,29,3,1,0,30,3,17.6,16.7,0,0
"1010","75R037",3,1,NA,NA,NA,NA,NA,NA,NA,NA,NA,NA,NA,NA,NA,NA,NA,NA
"1011","75R373",101,28,600,602,60,20,23,5,17,2,1,1,18,3,17.8,10.7,0,0
"1012","75R721",11,NA,593,NA,7,NA,3,NA,1,NA,0,NA,1,NA,9.1,NA,0,NA
"1013","75X010",126,36,602,594,87,30,27,3,11,3,1,0,12,3,9.5,8.3,0,0
"1014","75X012",130,36,591,594,86,26,30,7,14,3,0,0,14,3,10.8,8.3,0,0
"1015","75X017",172,23,585,582,138,20,28,3,6,0,0,0,6,0,3.5,0,0,0
"1016","75X168",138,34,606,587,86,29,34,4,18,1,0,0,18,1,13,2.9,0,0
"1017","75X176",12,NA,NA,NA,0,NA,3,NA,7,NA,2,NA,9,NA,75,NA,0,NA
"1018","75X186",190,34,580,575,153,31,29,3,8,0,0,0,8,0,4.2,0,0,0
"1019","75X188",179,23,600,601,115,16,39,4,22,2,3,1,25,3,14,13,0,0
"1020","75X721",18,5,NA,NA,18,NA,0,NA,0,NA,0,NA,0,NA,0,NA,0,NA
"1021","75X723",133,25,574,568,114,21,14,4,4,0,1,0,5,0,3.8,0,0,0
