"","Year","NHD_NUM","Homicide","Assault","SexOffense","Contraband","Larceny","Vandalism","Others","Total"
"1",2008,0,5,154,25,62,415,65,128,854
"2",2008,1,3,199,21,92,942,218,199,1674
"3",2008,2,0,106,5,37,268,91,78,585
"4",2008,3,0,24,2,6,195,26,34,287
"5",2008,4,1,59,6,12,346,76,66,566
"6",2008,5,0,197,11,44,923,271,180,1626
"7",2008,6,0,49,5,19,293,69,65,500
"8",2008,7,0,69,3,12,301,81,93,559
"9",2008,8,0,21,2,3,342,60,56,484
"10",2008,9,0,68,6,14,362,87,99,636
"11",2008,10,0,29,5,6,154,24,37,255
"12",2008,11,0,31,5,3,180,57,32,308
"13",2008,12,1,48,2,26,255,67,35,434
"14",2008,13,0,70,4,19,358,94,82,627
"15",2008,14,0,93,4,19,378,102,93,689
"16",2008,15,2,289,15,35,1301,317,235,2194
"17",2008,16,6,502,30,262,1489,368,399,3056
"18",2008,17,1,108,3,60,391,106,84,753
"19",2008,18,0,153,11,55,299,85,97,700
"20",2008,19,4,287,19,91,691,205,231,1528
"21",2008,20,0,12,1,28,132,30,27,230
"22",2008,21,0,111,17,80,459,84,105,856
"23",2008,22,1,77,6,20,325,66,76,571
"24",2008,23,1,48,5,8,169,34,39,304
"25",2008,24,0,89,8,16,299,63,58,533
"26",2008,25,1,194,19,49,837,141,147,1388
"27",2008,26,0,8,0,2,103,22,13,148
"28",2008,27,1,99,17,19,547,109,99,891
"29",2008,28,2,38,6,17,93,35,17,208
"30",2008,29,3,59,2,13,159,31,18,285
"31",2008,30,2,256,9,54,544,127,163,1155
"32",2008,31,0,102,6,22,296,80,85,591
"33",2008,32,0,17,3,3,168,42,26,259
"34",2008,33,1,112,7,24,115,62,74,395
"35",2008,34,1,55,4,5,180,41,41,327
"36",2008,35,3,394,35,65,1746,264,375,2882
"37",2008,36,3,289,60,97,1096,198,252,1995
"38",2008,37,0,159,10,32,603,130,116,1050
"39",2008,38,3,190,17,50,1781,271,294,2606
"40",2008,39,1,123,12,41,463,105,76,821
"41",2008,40,0,5,0,3,30,6,4,48
"42",2008,41,0,15,3,5,79,7,33,142
"43",2008,42,1,25,3,7,156,34,30,256
"44",2008,43,0,42,0,4,155,24,34,259
"45",2008,44,0,15,2,1,116,29,23,186
"46",2008,45,0,4,0,0,49,15,5,73
"47",2008,46,1,51,4,14,412,88,45,615
"48",2008,47,0,42,3,9,327,52,25,458
"49",2008,48,5,260,16,64,679,162,106,1292
"50",2008,49,0,40,4,0,90,38,13,185
"51",2008,50,10,415,20,303,984,197,181,2110
"52",2008,51,6,197,18,90,428,83,127,949
"53",2008,52,5,214,6,48,498,119,93,983
"54",2008,53,0,95,7,75,221,44,66,508
"55",2008,54,1,107,6,45,243,42,46,490
"56",2008,55,5,241,9,76,450,98,77,956
"57",2008,56,5,340,18,163,800,188,133,1647
"58",2008,57,3,122,6,27,254,73,45,530
"59",2008,58,2,94,1,14,221,47,37,416
"60",2008,59,13,499,31,167,799,193,186,1888
"61",2008,60,0,87,5,55,278,80,53,558
"62",2008,61,1,209,4,64,260,88,101,727
"63",2008,62,2,68,7,41,189,35,66,408
"64",2008,63,2,57,4,18,229,60,31,401
"65",2008,64,0,36,11,18,331,49,45,490
"66",2008,65,5,140,6,50,326,85,53,665
"67",2008,66,4,160,14,117,317,87,53,752
"68",2008,67,5,149,15,100,308,66,110,753
"69",2008,68,9,319,7,104,652,169,88,1348
"70",2008,69,5,265,17,95,844,204,103,1533
"71",2008,70,2,89,4,53,224,45,47,464
"72",2008,71,11,190,5,68,568,144,68,1054
"73",2008,72,3,235,12,97,533,117,72,1069
"74",2008,73,4,119,7,17,418,82,44,691
"75",2008,74,7,262,21,52,1020,261,101,1724
"76",2008,75,1,23,2,4,114,19,5,168
"77",2008,76,5,188,7,81,409,77,59,826
"78",2008,77,0,129,6,36,515,91,91,868
"79",2008,78,6,194,11,130,377,81,86,885
"80",2008,79,0,21,3,9,153,42,19,247
"81",2008,80,0,5,0,1,10,3,1,20
"82",2008,81,0,2,0,2,23,4,2,33
"83",2008,82,0,10,6,2,326,42,32,418
"84",2008,83,0,13,0,7,12,3,3,38
"85",2008,84,0,4,0,1,3,1,2,11
"86",2008,85,0,3,0,1,6,2,1,13
"87",2008,86,0,2,0,1,30,3,3,39
"88",2008,87,0,1,0,0,14,0,0,15
"89",2008,88,0,1,1,3,27,0,8,40
"90",2009,0,0,25,18,11,178,25,34,291
"91",2009,1,1,281,12,81,805,212,213,1605
"92",2009,2,3,116,6,35,258,71,80,569
"93",2009,3,0,33,5,2,170,39,21,270
"94",2009,4,0,57,1,23,308,74,74,537
"95",2009,5,1,263,18,43,889,219,189,1622
"96",2009,6,0,49,5,12,295,99,74,534
"97",2009,7,0,58,6,16,373,93,94,640
"98",2009,8,0,43,6,5,277,67,65,463
"99",2009,9,0,85,8,21,417,93,98,722
"100",2009,10,0,41,2,4,184,17,20,268
"101",2009,11,1,39,0,5,180,35,37,297
"102",2009,12,0,53,2,11,268,59,45,438
"103",2009,13,0,96,6,15,384,122,105,728
"104",2009,14,0,95,5,8,382,80,73,643
"105",2009,15,3,266,12,55,1451,267,216,2270
"106",2009,16,4,502,46,233,1430,386,346,2947
"107",2009,17,1,136,9,67,371,109,87,780
"108",2009,18,3,134,4,40,317,71,59,628
"109",2009,19,1,329,24,85,727,135,194,1495
"110",2009,20,0,24,6,4,147,25,33,239
"111",2009,21,0,88,21,41,468,120,75,813
"112",2009,22,0,81,3,20,374,85,46,609
"113",2009,23,0,38,5,3,189,36,23,294
"114",2009,24,2,57,4,7,278,67,44,459
"115",2009,25,0,196,13,53,746,182,139,1329
"116",2009,26,0,11,1,5,96,21,14,148
"117",2009,27,0,94,6,12,531,149,69,861
"118",2009,28,0,28,3,10,71,24,32,168
"119",2009,29,0,57,2,7,177,32,23,298
"120",2009,30,6,188,8,45,464,105,110,926
"121",2009,31,2,118,8,11,276,87,60,562
"122",2009,32,0,16,2,6,206,34,17,281
"123",2009,33,1,120,9,18,136,44,52,380
"124",2009,34,2,44,5,7,159,41,27,285
"125",2009,35,2,283,41,90,1480,222,354,2472
"126",2009,36,5,316,62,101,1019,152,322,1977
"127",2009,37,1,152,18,52,716,94,100,1133
"128",2009,38,0,217,23,59,1646,237,292,2474
"129",2009,39,0,130,8,32,448,95,73,786
"130",2009,40,0,7,0,3,39,3,6,58
"131",2009,41,0,25,2,2,94,12,26,161
"132",2009,42,0,28,3,19,180,46,39,315
"133",2009,43,0,19,2,2,152,18,22,215
"134",2009,44,0,18,0,1,99,24,9,151
"135",2009,45,0,2,1,0,34,8,1,46
"136",2009,46,0,41,3,6,369,76,32,527
"137",2009,47,0,50,4,5,320,51,54,484
"138",2009,48,5,228,15,40,610,148,158,1204
"139",2009,49,0,28,1,5,130,32,30,226
"140",2009,50,14,398,21,132,761,162,408,1896
"141",2009,51,3,153,6,64,348,84,140,798
"142",2009,52,6,156,12,36,365,97,116,788
"143",2009,53,3,142,6,68,198,51,74,542
"144",2009,54,2,161,9,48,198,58,63,539
"145",2009,55,4,242,9,56,453,88,92,944
"146",2009,56,5,415,17,130,833,197,157,1754
"147",2009,57,2,126,4,39,227,67,34,499
"148",2009,58,2,78,4,11,202,30,44,371
"149",2009,59,10,398,24,163,737,178,143,1653
"150",2009,60,4,140,7,40,292,65,57,605
"151",2009,61,2,194,6,39,290,74,74,679
"152",2009,62,0,91,2,3,202,50,37,385
"153",2009,63,1,85,4,20,233,54,22,419
"154",2009,64,1,57,8,14,336,59,34,509
"155",2009,65,6,132,6,30,269,70,48,561
"156",2009,66,6,143,5,63,191,83,44,535
"157",2009,67,0,152,14,101,292,50,93,702
"158",2009,68,3,286,11,101,596,150,73,1220
"159",2009,69,6,322,15,88,801,146,74,1452
"160",2009,70,2,82,5,49,219,35,44,436
"161",2009,71,5,177,7,54,448,122,49,862
"162",2009,72,3,230,16,85,441,121,42,938
"163",2009,73,1,118,2,44,387,72,45,669
"164",2009,74,7,242,15,42,840,160,97,1403
"165",2009,75,0,11,1,2,87,21,3,125
"166",2009,76,3,158,9,67,400,85,47,769
"167",2009,77,1,128,5,28,482,102,89,835
"168",2009,78,4,195,10,107,325,64,112,817
"169",2009,79,0,18,1,12,126,16,15,188
"170",2009,80,0,0,0,2,14,6,2,24
"171",2009,81,0,2,1,3,23,5,5,39
"172",2009,82,1,17,5,6,330,49,29,437
"173",2009,83,0,18,1,5,9,4,3,40
"174",2009,84,0,3,0,1,3,2,0,9
"175",2009,85,0,5,1,2,2,1,0,11
"176",2009,86,0,2,0,3,22,7,5,39
"177",2009,87,0,0,0,0,4,1,0,5
"178",2009,88,0,2,1,2,12,4,2,23
"179",2010,0,0,23,12,8,76,6,29,154
"180",2010,1,4,192,13,65,876,183,216,1549
"181",2010,2,0,95,0,28,306,59,79,567
"182",2010,3,1,42,3,7,178,31,25,287
"183",2010,4,0,43,5,10,324,60,55,497
"184",2010,5,0,213,11,41,867,213,297,1642
"185",2010,6,1,64,6,6,252,54,80,463
"186",2010,7,0,71,4,16,309,75,68,543
"187",2010,8,1,22,2,7,296,64,87,479
"188",2010,9,0,52,1,9,335,84,76,557
"189",2010,10,0,34,2,4,202,29,29,300
"190",2010,11,0,32,2,3,132,35,39,243
"191",2010,12,0,45,1,16,223,51,53,389
"192",2010,13,0,59,4,17,315,73,66,534
"193",2010,14,0,79,4,14,371,104,97,669
"194",2010,15,2,206,12,47,1476,257,231,2231
"195",2010,16,5,472,31,184,1509,316,354,2871
"196",2010,17,1,103,2,61,361,95,126,749
"197",2010,18,0,95,6,42,325,78,88,634
"198",2010,19,4,208,10,79,676,136,172,1285
"199",2010,20,0,15,0,14,119,19,27,194
"200",2010,21,0,78,16,29,455,131,95,804
"201",2010,22,0,67,5,8,352,69,50,551
"202",2010,23,0,37,5,5,158,53,27,285
"203",2010,24,0,58,9,16,221,45,73,422
"204",2010,25,2,136,9,63,640,120,115,1085
"205",2010,26,0,9,0,2,63,16,12,102
"206",2010,27,0,72,3,16,464,103,75,733
"207",2010,28,1,22,2,5,66,22,16,134
"208",2010,29,1,52,4,13,169,41,24,304
"209",2010,30,3,158,14,41,427,101,118,862
"210",2010,31,1,70,10,18,307,69,46,521
"211",2010,32,0,9,2,7,158,25,24,225
"212",2010,33,0,116,5,49,130,30,168,498
"213",2010,34,1,46,5,10,141,32,24,259
"214",2010,35,1,320,34,103,1448,214,378,2498
"215",2010,36,1,268,41,139,1116,170,321,2056
"216",2010,37,1,134,15,49,535,102,123,959
"217",2010,38,2,182,28,45,1369,238,269,2133
"218",2010,39,0,88,9,33,332,113,111,686
"219",2010,40,0,8,1,3,29,10,25,76
"220",2010,41,1,16,3,1,141,26,17,205
"221",2010,42,1,39,2,32,151,42,31,298
"222",2010,43,0,21,3,0,129,21,30,204
"223",2010,44,0,30,4,1,108,30,17,190
"224",2010,45,0,7,1,0,27,10,3,48
"225",2010,46,0,52,3,9,307,51,30,452
"226",2010,47,0,28,4,18,251,61,47,409
"227",2010,48,4,244,9,54,520,155,137,1123
"228",2010,49,0,27,0,6,74,29,30,166
"229",2010,50,6,280,23,151,680,148,242,1530
"230",2010,51,2,122,6,64,311,52,116,673
"231",2010,52,6,152,7,51,313,73,118,720
"232",2010,53,0,88,2,60,172,46,60,428
"233",2010,54,1,101,5,19,175,39,50,390
"234",2010,55,2,211,6,43,352,78,92,784
"235",2010,56,5,317,16,122,621,188,175,1444
"236",2010,57,3,111,4,36,210,52,52,468
"237",2010,58,3,77,3,20,198,42,27,370
"238",2010,59,7,338,25,176,711,159,161,1577
"239",2010,60,3,104,11,52,263,67,65,565
"240",2010,61,1,132,8,52,273,72,108,646
"241",2010,62,1,105,4,26,157,47,78,418
"242",2010,63,4,103,3,32,237,43,34,456
"243",2010,64,3,50,7,20,291,45,33,449
"244",2010,65,6,105,9,42,325,79,68,634
"245",2010,66,3,113,3,58,173,47,37,434
"246",2010,67,10,124,9,91,217,29,113,593
"247",2010,68,7,232,13,94,469,142,82,1039
"248",2010,69,5,258,7,142,537,123,96,1168
"249",2010,70,4,77,4,48,163,30,40,366
"250",2010,71,6,192,10,36,413,98,68,823
"251",2010,72,3,209,15,83,483,90,73,956
"252",2010,73,8,87,0,31,338,67,42,573
"253",2010,74,7,262,8,67,859,164,122,1489
"254",2010,75,0,11,1,1,72,13,8,106
"255",2010,76,1,136,7,58,328,76,41,647
"256",2010,77,1,103,8,21,377,66,72,648
"257",2010,78,3,134,16,110,276,48,174,761
"258",2010,79,0,24,1,9,127,31,18,210
"259",2010,80,0,22,1,1,41,1,8,74
"260",2010,81,0,3,2,3,22,0,7,37
"261",2010,82,0,8,5,3,169,18,14,217
"262",2010,83,0,8,0,13,11,1,4,37
"263",2010,84,1,4,0,1,6,0,2,14
"264",2010,85,0,7,2,10,5,1,4,29
"265",2010,86,0,3,0,1,28,4,3,39
"266",2010,87,0,1,0,0,7,4,0,12
"267",2010,88,0,3,0,1,16,2,7,29
"268",2011,0,0,9,7,9,39,2,12,78
"269",2011,1,4,201,12,71,831,145,188,1452
"270",2011,2,0,111,8,32,334,85,79,649
"271",2011,3,0,25,1,6,178,30,22,262
"272",2011,4,1,37,4,11,323,65,50,491
"273",2011,5,0,202,14,48,876,203,217,1560
"274",2011,6,0,57,5,7,268,69,55,461
"275",2011,7,0,63,6,15,343,62,98,587
"276",2011,8,0,29,1,6,284,44,85,449
"277",2011,9,1,62,5,3,364,48,70,553
"278",2011,10,0,30,5,6,197,18,45,301
"279",2011,11,0,29,0,5,122,32,33,221
"280",2011,12,1,38,1,13,223,46,35,357
"281",2011,13,0,51,9,11,313,65,70,519
"282",2011,14,0,86,3,17,396,82,95,679
"283",2011,15,3,205,6,68,1336,178,244,2040
"284",2011,16,4,400,31,198,1440,330,350,2753
"285",2011,17,4,107,4,69,370,64,96,714
"286",2011,18,1,93,8,33,338,62,55,590
"287",2011,19,4,253,12,105,707,116,211,1408
"288",2011,20,1,8,3,8,132,13,24,189
"289",2011,21,0,97,12,63,420,90,111,793
"290",2011,22,1,48,6,19,397,55,48,574
"291",2011,23,1,46,3,12,167,37,41,307
"292",2011,24,1,60,7,12,255,36,53,424
"293",2011,25,1,175,6,73,688,119,119,1181
"294",2011,26,0,6,0,2,85,6,18,117
"295",2011,27,1,60,5,9,451,73,53,652
"296",2011,28,0,39,2,10,82,22,27,182
"297",2011,29,1,44,3,11,174,20,28,281
"298",2011,30,3,134,13,70,482,102,110,914
"299",2011,31,0,51,3,23,251,42,52,422
"300",2011,32,1,10,1,6,172,40,28,258
"301",2011,33,3,97,0,38,153,54,218,563
"302",2011,34,0,31,6,12,168,41,27,285
"303",2011,35,2,331,63,188,1185,177,418,2364
"304",2011,36,3,312,100,215,908,125,460,2123
"305",2011,37,0,91,12,26,457,82,114,782
"306",2011,38,0,174,29,53,1141,152,235,1784
"307",2011,39,0,108,13,37,462,72,104,796
"308",2011,40,0,6,0,2,39,0,17,64
"309",2011,41,0,21,0,8,120,10,30,189
"310",2011,42,0,23,3,47,140,25,32,270
"311",2011,43,0,21,2,4,112,23,21,183
"312",2011,44,0,23,1,2,121,22,27,196
"313",2011,45,0,1,0,0,42,11,2,56
"314",2011,46,0,37,2,19,244,49,53,404
"315",2011,47,0,26,5,23,177,33,41,305
"316",2011,48,3,179,13,51,473,111,161,991
"317",2011,49,0,25,2,3,57,18,32,137
"318",2011,50,5,308,16,182,581,151,274,1517
"319",2011,51,2,110,7,66,251,38,98,572
"320",2011,52,2,120,9,55,313,64,102,665
"321",2011,53,2,57,5,47,167,26,56,360
"322",2011,54,2,99,7,39,169,43,47,406
"323",2011,55,2,137,4,65,355,70,80,713
"324",2011,56,5,268,17,103,510,143,147,1193
"325",2011,57,1,87,5,30,155,42,26,346
"326",2011,58,1,82,6,12,142,25,30,298
"327",2011,59,10,348,15,206,634,130,223,1566
"328",2011,60,0,120,5,64,222,65,78,554
"329",2011,61,0,152,0,57,207,73,182,671
"330",2011,62,1,99,6,24,137,41,113,421
"331",2011,63,2,70,4,39,227,60,59,461
"332",2011,64,1,57,3,29,273,27,37,427
"333",2011,65,1,127,1,87,305,66,81,668
"334",2011,66,5,99,0,64,154,37,66,425
"335",2011,67,2,112,11,72,241,45,95,578
"336",2011,68,1,234,19,79,435,112,93,973
"337",2011,69,3,224,8,117,559,138,94,1143
"338",2011,70,0,104,5,60,170,37,47,423
"339",2011,71,3,190,6,56,329,91,45,720
"340",2011,72,5,169,11,79,465,90,72,891
"341",2011,73,1,91,4,35,296,60,62,549
"342",2011,74,11,233,15,92,804,136,153,1444
"343",2011,75,0,7,1,9,65,11,8,101
"344",2011,76,5,140,8,80,401,65,100,799
"345",2011,77,0,84,11,19,324,70,68,576
"346",2011,78,5,120,6,117,232,46,105,631
"347",2011,79,1,33,7,17,104,17,16,195
"348",2011,80,0,7,1,0,30,5,4,47
"349",2011,81,0,2,2,2,30,2,3,41
"350",2011,82,0,20,2,1,133,16,13,185
"351",2011,83,0,6,1,6,5,4,4,26
"352",2011,84,0,4,0,2,9,1,2,18
"353",2011,85,1,5,1,1,6,1,1,16
"354",2011,86,0,3,0,2,13,3,3,24
"355",2011,87,0,1,0,0,2,1,0,4
"356",2011,88,0,4,0,2,13,2,5,26
"357",2012,0,0,10,19,12,82,9,42,174
"358",2012,1,4,173,17,85,697,139,241,1356
"359",2012,2,0,82,7,59,252,74,91,565
"360",2012,3,1,24,4,4,152,42,33,260
"361",2012,4,0,35,0,10,258,45,79,427
"362",2012,5,0,184,14,49,638,154,283,1322
"363",2012,6,0,40,3,10,201,43,102,399
"364",2012,7,0,72,5,22,259,44,118,520
"365",2012,8,0,34,2,9,206,45,113,409
"366",2012,9,0,76,7,6,364,100,133,686
"367",2012,10,1,27,3,7,177,18,77,310
"368",2012,11,1,47,0,1,104,27,51,231
"369",2012,12,0,44,1,29,193,45,77,389
"370",2012,13,0,78,7,16,265,62,104,532
"371",2012,14,2,71,3,23,306,65,135,605
"372",2012,15,0,191,14,53,979,186,317,1740
"373",2012,16,9,451,33,233,994,266,474,2460
"374",2012,17,0,96,4,63,320,75,114,672
"375",2012,18,0,83,7,32,249,64,99,534
"376",2012,19,5,218,18,109,486,99,210,1145
"377",2012,20,0,17,1,3,83,16,34,154
"378",2012,21,1,75,11,76,322,71,142,698
"379",2012,22,0,36,1,17,295,55,76,480
"380",2012,23,0,42,1,24,134,22,50,273
"381",2012,24,3,36,3,23,212,33,92,402
"382",2012,25,3,129,9,57,520,103,164,985
"383",2012,26,0,5,1,0,54,11,18,89
"384",2012,27,0,38,5,10,383,71,56,563
"385",2012,28,0,32,0,2,103,31,39,207
"386",2012,29,0,42,1,9,133,21,42,248
"387",2012,30,1,113,11,68,322,80,142,737
"388",2012,31,0,52,2,19,197,36,68,374
"389",2012,32,0,13,1,7,119,24,28,192
"390",2012,33,1,140,6,36,151,53,317,704
"391",2012,34,0,57,2,23,152,53,70,357
"392",2012,35,2,383,54,169,1203,176,625,2612
"393",2012,36,0,326,88,308,851,130,505,2208
"394",2012,37,1,90,13,21,397,69,152,743
"395",2012,38,1,156,20,47,984,137,403,1748
"396",2012,39,1,123,10,42,411,84,154,825
"397",2012,40,0,3,0,1,22,5,38,69
"398",2012,41,0,22,3,8,85,17,49,184
"399",2012,42,0,20,1,38,179,32,42,312
"400",2012,43,1,13,1,3,108,17,28,171
"401",2012,44,1,13,1,4,76,24,52,171
"402",2012,45,0,0,0,0,37,3,13,53
"403",2012,46,1,37,4,12,275,36,65,430
"404",2012,47,0,30,5,26,211,36,72,380
"405",2012,48,3,157,18,55,477,103,210,1023
"406",2012,49,0,16,3,8,50,18,31,126
"407",2012,50,3,275,17,203,531,119,282,1430
"408",2012,51,1,100,8,69,230,38,140,586
"409",2012,52,4,89,13,58,269,44,166,643
"410",2012,53,1,87,6,32,174,30,62,392
"411",2012,54,1,81,4,22,139,34,58,339
"412",2012,55,4,139,2,42,298,88,110,683
"413",2012,56,1,282,11,97,533,134,184,1242
"414",2012,57,1,75,3,16,135,35,61,326
"415",2012,58,2,130,7,24,157,22,61,403
"416",2012,59,6,262,11,151,626,112,220,1388
"417",2012,60,3,113,3,60,214,57,89,539
"418",2012,61,1,149,5,53,186,57,185,636
"419",2012,62,0,78,4,18,128,48,74,350
"420",2012,63,1,90,3,20,195,46,65,420
"421",2012,64,1,43,1,27,201,38,70,381
"422",2012,65,4,115,1,70,285,64,104,643
"423",2012,66,5,108,4,72,150,40,94,473
"424",2012,67,2,99,5,52,201,34,113,506
"425",2012,68,5,214,17,85,350,117,143,931
"426",2012,69,2,254,18,94,593,142,191,1294
"427",2012,70,3,67,1,41,182,33,90,417
"428",2012,71,3,126,11,45,354,94,141,774
"429",2012,72,8,221,9,83,313,75,114,823
"430",2012,73,4,87,4,23,271,71,84,544
"431",2012,74,7,236,13,50,682,140,239,1367
"432",2012,75,0,10,0,8,89,11,16,134
"433",2012,76,5,146,6,59,292,70,106,684
"434",2012,77,0,124,5,29,293,68,125,644
"435",2012,78,4,118,8,125,202,32,139,628
"436",2012,79,0,62,1,25,81,25,38,232
"437",2012,80,0,6,0,0,41,6,6,59
"438",2012,81,0,1,1,1,25,4,12,44
"439",2012,82,0,15,4,1,287,29,38,374
"440",2012,83,0,15,0,1,10,1,4,31
"441",2012,84,0,3,0,1,12,1,9,26
"442",2012,85,0,3,0,4,7,1,4,19
"443",2012,86,0,8,0,4,12,5,9,38
"444",2012,87,0,0,0,0,4,0,0,4
"445",2012,88,0,4,0,3,15,2,9,33
"446",2013,0,0,11,15,8,61,4,35,134
"447",2013,1,2,157,23,84,640,134,328,1368
"448",2013,2,1,88,4,44,230,53,130,550
"449",2013,3,0,17,4,1,108,24,51,205
"450",2013,4,1,47,6,14,232,43,86,429
"451",2013,5,3,176,13,48,696,155,340,1431
"452",2013,6,0,69,2,9,208,60,118,466
"453",2013,7,0,40,3,17,259,57,143,519
"454",2013,8,0,23,5,7,184,31,92,342
"455",2013,9,1,59,5,9,291,66,136,567
"456",2013,10,0,25,1,9,137,12,74,258
"457",2013,11,0,38,1,11,84,21,64,219
"458",2013,12,0,28,2,24,180,37,100,371
"459",2013,13,0,46,5,20,260,50,140,521
"460",2013,14,0,60,2,22,244,60,128,516
"461",2013,15,0,174,12,59,977,170,365,1757
"462",2013,16,5,476,34,222,1111,242,533,2623
"463",2013,17,2,85,2,56,292,63,125,625
"464",2013,18,0,79,7,26,233,62,73,480
"465",2013,19,7,221,14,110,455,90,300,1197
"466",2013,20,0,15,0,4,83,19,29,150
"467",2013,21,2,72,7,79,287,64,131,642
"468",2013,22,0,41,9,27,230,44,86,437
"469",2013,23,1,18,1,21,139,12,71,263
"470",2013,24,2,40,4,35,165,43,80,369
"471",2013,25,1,119,10,79,537,108,215,1069
"472",2013,26,0,4,0,2,61,17,27,111
"473",2013,27,0,43,7,13,406,66,77,612
"474",2013,28,0,23,5,3,46,24,28,129
"475",2013,29,0,37,3,5,105,13,43,206
"476",2013,30,1,157,11,81,280,89,149,768
"477",2013,31,0,49,6,8,198,46,80,387
"478",2013,32,0,11,0,5,127,17,48,208
"479",2013,33,0,104,8,23,148,39,246,568
"480",2013,34,0,55,3,17,124,38,100,337
"481",2013,35,4,301,70,249,1136,164,830,2754
"482",2013,36,0,273,66,186,862,130,514,2031
"483",2013,37,1,106,19,27,451,85,272,961
"484",2013,38,1,175,22,55,1038,107,427,1825
"485",2013,39,0,87,3,27,362,64,133,676
"486",2013,40,0,7,0,2,25,4,67,105
"487",2013,41,0,17,0,6,98,5,55,181
"488",2013,42,0,18,2,19,141,20,41,241
"489",2013,43,0,25,0,2,82,15,51,175
"490",2013,44,0,14,0,1,93,18,50,176
"491",2013,45,0,0,0,1,25,6,8,40
"492",2013,46,0,33,4,12,319,29,74,471
"493",2013,47,1,24,7,20,224,46,74,396
"494",2013,48,1,138,11,54,489,92,185,970
"495",2013,49,0,33,4,3,66,14,30,150
"496",2013,50,7,217,10,134,527,97,337,1329
"497",2013,51,2,80,5,55,204,44,154,544
"498",2013,52,3,79,5,26,307,42,119,581
"499",2013,53,1,72,2,29,140,43,97,384
"500",2013,54,0,66,2,16,137,37,67,325
"501",2013,55,3,143,9,30,272,62,144,663
"502",2013,56,7,223,19,69,485,109,227,1139
"503",2013,57,1,71,3,20,157,33,59,344
"504",2013,58,0,89,2,12,151,31,50,335
"505",2013,59,3,239,24,163,538,112,217,1296
"506",2013,60,1,90,13,53,188,43,106,494
"507",2013,61,2,142,10,45,163,48,168,578
"508",2013,62,2,82,3,27,126,45,98,383
"509",2013,63,1,70,3,16,153,38,81,362
"510",2013,64,3,39,5,35,190,33,97,402
"511",2013,65,2,133,3,30,216,56,113,553
"512",2013,66,6,70,6,44,87,40,69,322
"513",2013,67,6,78,7,60,152,36,135,474
"514",2013,68,8,166,11,71,352,84,125,817
"515",2013,69,5,225,17,127,573,131,216,1294
"516",2013,70,3,70,3,40,159,32,96,403
"517",2013,71,3,137,9,60,282,73,117,681
"518",2013,72,2,129,16,107,313,80,123,770
"519",2013,73,5,83,7,29,266,47,103,540
"520",2013,74,8,225,14,86,624,136,289,1382
"521",2013,75,1,14,0,1,64,9,24,113
"522",2013,76,3,140,5,54,319,54,117,692
"523",2013,77,0,93,7,33,283,48,135,599
"524",2013,78,3,109,7,81,213,48,154,615
"525",2013,79,0,41,1,29,96,27,35,229
"526",2013,80,0,2,1,3,33,5,8,52
"527",2013,81,0,4,0,0,29,1,10,44
"528",2013,82,1,11,9,2,259,36,28,346
"529",2013,83,0,7,1,3,13,3,13,40
"530",2013,84,0,1,0,1,25,3,9,39
"531",2013,85,0,3,0,6,13,2,4,28
"532",2013,86,0,3,0,2,13,0,16,34
"533",2013,87,0,1,0,0,7,0,2,10
"534",2013,88,0,3,0,0,9,3,9,24
"535",2014,0,1,18,11,12,42,6,76,166
"536",2014,1,6,179,37,77,661,126,306,1392
"537",2014,2,1,70,8,63,223,43,104,512
"538",2014,3,0,22,1,2,132,29,44,230
"539",2014,4,0,43,1,8,245,33,120,450
"540",2014,5,3,196,13,37,636,142,260,1287
"541",2014,6,0,36,2,4,197,42,116,397
"542",2014,7,0,52,5,15,273,29,99,473
"543",2014,8,0,11,1,13,214,40,100,379
"544",2014,9,0,33,6,5,304,33,123,504
"545",2014,10,0,16,1,3,175,15,67,277
"546",2014,11,0,27,0,6,105,20,57,215
"547",2014,12,0,40,3,18,176,27,77,341
"548",2014,13,0,51,7,8,194,29,130,419
"549",2014,14,0,53,3,18,267,44,108,493
"550",2014,15,1,141,13,76,985,159,328,1703
"551",2014,16,8,452,28,176,1176,258,525,2623
"552",2014,17,3,97,11,63,301,70,140,685
"553",2014,18,1,75,10,16,205,49,102,458
"554",2014,19,4,204,11,59,561,116,178,1133
"555",2014,20,1,17,4,6,75,15,53,171
"556",2014,21,0,60,12,71,323,61,142,669
"557",2014,22,0,35,4,9,307,48,61,464
"558",2014,23,1,30,1,8,157,18,59,274
"559",2014,24,1,42,7,19,159,29,93,350
"560",2014,25,1,91,12,43,560,87,202,996
"561",2014,26,0,5,0,2,56,10,21,94
"562",2014,27,1,43,2,5,285,48,62,446
"563",2014,28,0,17,1,0,61,17,38,134
"564",2014,29,0,31,4,4,85,20,46,190
"565",2014,30,1,118,13,46,298,85,139,700
"566",2014,31,1,68,4,9,182,38,85,387
"567",2014,32,0,7,1,2,135,12,39,196
"568",2014,33,0,113,3,27,145,54,151,493
"569",2014,34,0,62,5,12,119,43,96,337
"570",2014,35,4,305,75,214,1189,174,888,2849
"571",2014,36,3,273,64,168,830,148,413,1899
"572",2014,37,0,76,9,22,456,64,161,788
"573",2014,38,3,141,11,50,1113,106,380,1804
"574",2014,39,0,94,3,13,317,49,129,605
"575",2014,40,0,2,0,2,34,4,32,74
"576",2014,41,0,21,3,2,73,15,47,161
"577",2014,42,1,13,1,19,102,17,39,192
"578",2014,43,0,14,0,7,88,16,40,165
"579",2014,44,0,11,0,1,88,9,45,154
"580",2014,45,0,0,0,1,23,3,12,39
"581",2014,46,0,36,4,10,188,30,67,335
"582",2014,47,4,32,4,5,166,35,41,287
"583",2014,48,7,163,10,23,412,112,196,923
"584",2014,49,0,25,4,3,52,11,27,122
"585",2014,50,14,236,20,82,547,106,352,1357
"586",2014,51,4,108,3,22,167,31,106,441
"587",2014,52,1,117,8,28,263,62,94,573
"588",2014,53,2,62,6,11,124,26,64,295
"589",2014,54,4,54,2,10,103,20,44,237
"590",2014,55,6,83,5,27,233,57,114,525
"591",2014,56,7,173,12,49,326,100,170,837
"592",2014,57,1,78,1,24,148,27,43,322
"593",2014,58,2,44,4,4,159,25,57,295
"594",2014,59,7,248,15,139,494,94,199,1196
"595",2014,60,5,70,3,31,168,32,70,379
"596",2014,61,2,121,11,34,137,57,110,472
"597",2014,62,1,76,6,23,92,50,95,343
"598",2014,63,2,59,5,25,112,39,61,303
"599",2014,64,3,57,8,27,186,26,81,388
"600",2014,65,2,121,5,32,237,71,118,586
"601",2014,66,4,84,5,33,93,42,65,326
"602",2014,67,2,87,5,46,183,37,75,435
"603",2014,68,3,150,9,56,306,65,110,699
"604",2014,69,3,183,14,54,413,115,176,958
"605",2014,70,0,77,3,25,117,14,78,314
"606",2014,71,8,138,5,25,247,66,151,640
"607",2014,72,5,129,10,64,260,77,113,658
"608",2014,73,6,94,6,12,189,45,100,452
"609",2014,74,7,198,7,62,518,119,254,1165
"610",2014,75,1,16,0,6,68,10,33,134
"611",2014,76,2,124,3,35,195,50,126,535
"612",2014,77,1,74,8,21,314,51,94,563
"613",2014,78,2,91,9,39,251,54,123,569
"614",2014,79,0,41,4,17,101,43,68,274
"615",2014,80,0,5,2,5,27,4,8,51
"616",2014,81,0,3,0,1,16,2,13,35
"617",2014,82,0,10,4,11,199,32,42,298
"618",2014,83,0,10,0,7,18,5,8,48
"619",2014,84,0,0,0,3,4,3,8,18
"620",2014,85,2,5,1,4,6,0,2,20
"621",2014,86,0,2,0,3,12,4,11,32
"622",2014,87,0,0,0,0,1,0,1,2
"623",2014,88,0,1,0,2,27,2,3,35
"624",2015,0,0,14,19,7,46,4,825,915
"625",2015,1,3,178,19,79,756,118,291,1444
"626",2015,2,1,84,8,62,271,74,101,601
"627",2015,3,0,20,0,7,176,23,47,273
"628",2015,4,0,43,5,23,252,30,146,499
"629",2015,5,8,187,9,50,541,114,320,1229
"630",2015,6,0,27,2,15,225,26,101,396
"631",2015,7,0,43,0,16,306,51,119,535
"632",2015,8,1,16,6,15,238,22,95,393
"633",2015,9,0,45,5,8,252,50,180,540
"634",2015,10,0,21,1,6,161,14,78,281
"635",2015,11,3,8,1,11,77,22,54,176
"636",2015,12,0,29,0,12,141,19,79,280
"637",2015,13,0,36,5,16,206,25,149,437
"638",2015,14,0,54,2,22,263,34,118,493
"639",2015,15,1,169,7,86,845,155,390,1653
"640",2015,16,9,487,51,276,1220,251,496,2790
"641",2015,17,3,85,10,56,307,44,126,631
"642",2015,18,3,112,8,22,223,46,113,527
"643",2015,19,0,211,19,87,617,121,204,1259
"644",2015,20,0,35,2,18,82,14,61,212
"645",2015,21,0,54,10,81,334,69,172,720
"646",2015,22,0,56,2,15,311,39,75,498
"647",2015,23,0,35,0,11,140,24,61,271
"648",2015,24,3,56,5,23,154,47,90,378
"649",2015,25,0,121,13,56,587,106,266,1149
"650",2015,26,1,6,0,1,77,9,33,127
"651",2015,27,0,26,2,14,291,41,73,447
"652",2015,28,1,11,3,4,75,14,31,139
"653",2015,29,0,34,1,6,83,17,25,166
"654",2015,30,2,131,7,37,355,93,168,793
"655",2015,31,0,46,4,11,203,45,137,446
"656",2015,32,0,11,1,2,92,18,46,170
"657",2015,33,3,121,3,25,154,92,185,583
"658",2015,34,1,53,8,14,109,36,80,301
"659",2015,35,0,313,65,293,1265,175,1093,3204
"660",2015,36,3,280,78,247,888,129,545,2170
"661",2015,37,0,121,19,15,437,84,260,936
"662",2015,38,0,170,13,32,1163,131,428,1937
"663",2015,39,0,70,1,12,289,49,123,544
"664",2015,40,0,3,0,3,43,3,39,91
"665",2015,41,0,19,0,3,80,8,68,178
"666",2015,42,0,21,3,33,99,11,46,213
"667",2015,43,0,16,1,2,86,14,49,168
"668",2015,44,0,12,1,4,60,17,67,161
"669",2015,45,0,0,0,0,30,5,10,45
"670",2015,46,0,56,6,3,256,37,78,436
"671",2015,47,0,36,4,8,192,32,40,312
"672",2015,48,6,158,9,28,442,93,218,954
"673",2015,49,0,23,1,3,53,16,23,119
"674",2015,50,15,233,11,104,540,121,323,1347
"675",2015,51,3,106,7,42,189,66,124,537
"676",2015,52,6,127,7,24,218,67,93,542
"677",2015,53,4,77,6,32,155,25,83,382
"678",2015,54,1,56,5,14,92,19,57,244
"679",2015,55,6,95,15,29,193,56,112,506
"680",2015,56,18,189,7,65,344,87,166,876
"681",2015,57,2,93,1,23,149,45,52,365
"682",2015,58,1,65,2,11,140,39,54,312
"683",2015,59,14,209,12,118,455,100,263,1171
"684",2015,60,2,78,7,23,177,32,74,393
"685",2015,61,1,124,7,43,165,81,125,546
"686",2015,62,0,71,3,26,118,51,88,357
"687",2015,63,2,70,6,25,129,28,53,313
"688",2015,64,1,32,3,35,176,35,97,379
"689",2015,65,5,133,4,24,226,64,109,565
"690",2015,66,4,65,2,38,114,26,73,322
"691",2015,67,2,65,5,38,167,32,90,399
"692",2015,68,2,142,8,43,281,86,133,695
"693",2015,69,9,160,4,70,438,106,200,987
"694",2015,70,4,61,1,36,129,29,142,402
"695",2015,71,8,99,6,31,208,53,168,573
"696",2015,72,3,116,8,38,299,67,169,700
"697",2015,73,4,90,3,24,188,63,96,468
"698",2015,74,11,205,8,73,573,114,267,1251
"699",2015,75,0,9,0,12,64,14,36,135
"700",2015,76,4,99,3,49,217,43,124,539
"701",2015,77,4,85,3,14,339,61,109,615
"702",2015,78,4,106,6,37,248,54,122,577
"703",2015,79,1,52,1,23,95,18,75,265
"704",2015,80,1,7,2,1,35,7,6,59
"705",2015,81,0,0,0,1,26,2,16,45
"706",2015,82,0,26,2,3,202,31,45,309
"707",2015,83,2,8,0,2,8,3,3,26
"708",2015,84,0,8,0,1,8,0,19,36
"709",2015,85,0,4,1,4,3,1,4,17
"710",2015,86,0,6,0,4,5,1,14,30
"711",2015,87,0,0,0,0,4,0,4,8
"712",2015,88,0,4,3,6,36,2,17,68
